SELECT * FROM medicos;

-- INGRESO DE DATOS ALEATORIOS DE PACIENTES


insert into pacientes (paciente_id, nombre, apellido, email, genero, telefono, direccion, fecha_nacimiento) values (1, 'Alfonse', 'Ivins', 'aivins0@soup.io', 'M', '587-12-4164', '4758 Blackbird Court', '1960-09-25');
insert into pacientes (paciente_id, nombre, apellido, email, genero, telefono, direccion, fecha_nacimiento) values (2, 'Annalise', 'Haithwaite', 'ahaithwaite1@networkadvertising.org', 'F', '848-14-9055', '2 Hauk Drive', '1978-06-26');
insert into pacientes (paciente_id, nombre, apellido, email, genero, telefono, direccion, fecha_nacimiento) values (3, 'Adi', 'Archibald', 'aarchibald2@freewebs.com', 'F', '589-85-1912', '3200 Di Loreto Way', '2013-11-20');
insert into pacientes (paciente_id, nombre, apellido, email, genero, telefono, direccion, fecha_nacimiento) values (4, 'Mickey', 'Aimable', 'maimable3@yelp.com', 'M', '490-36-9155', '89061 Independence Center', '1932-09-12');
insert into pacientes (paciente_id, nombre, apellido, email, genero, telefono, direccion, fecha_nacimiento) values (5, 'Normie', 'Bollans', 'nbollans4@discovery.com', 'M', '325-93-3277', '86 Thierer Plaza', '1965-05-17');
insert into pacientes (paciente_id, nombre, apellido, email, genero, telefono, direccion, fecha_nacimiento) values (6, 'Noak', 'Wasbrough', 'nwasbrough5@list-manage.com', 'M', '422-99-3026', '7 Nelson Road', '2018-12-14');
insert into pacientes (paciente_id, nombre, apellido, email, genero, telefono, direccion, fecha_nacimiento) values (7, 'Elisabeth', 'Dovidian', 'edovidian6@list-manage.com', 'F', '187-68-8859', '003 Blaine Avenue', '1955-02-23');
insert into pacientes (paciente_id, nombre, apellido, email, genero, telefono, direccion, fecha_nacimiento) values (8, 'Rosanne', 'Newcombe', 'rnewcombe7@mashable.com', 'F', '613-65-1739', '0 Buhler Point', '1987-06-25');
insert into pacientes (paciente_id, nombre, apellido, email, genero, telefono, direccion, fecha_nacimiento) values (9, 'Morley', 'Bourdice', 'mbourdice8@oaic.gov.au', 'M', '511-92-9232', '28238 Lien Trail', '1945-06-16');
insert into pacientes (paciente_id, nombre, apellido, email, genero, telefono, direccion, fecha_nacimiento) values (10, 'Wye', 'Basek', 'wbasek9@auda.org.au', 'M', '311-92-1930', '258 Schurz Pass', '1961-02-02');
insert into pacientes (paciente_id, nombre, apellido, email, genero, telefono, direccion, fecha_nacimiento) values (11, 'Baudoin', 'Loft', 'blofta@utexas.edu', 'M', '254-18-5152', '10 Declaration Street', '1962-10-25');
insert into pacientes (paciente_id, nombre, apellido, email, genero, telefono, direccion, fecha_nacimiento) values (12, 'Blakelee', 'Bidder', 'bbidderb@cargocollective.com', 'F', '474-13-6297', '415 Lakewood Gardens Road', '1975-12-03');
insert into pacientes (paciente_id, nombre, apellido, email, genero, telefono, direccion, fecha_nacimiento) values (13, 'Marijn', 'Libri', 'mlibric@soup.io', 'M', '410-76-0150', '881 Ridge Oak Circle', '1948-12-13');
insert into pacientes (paciente_id, nombre, apellido, email, genero, telefono, direccion, fecha_nacimiento) values (14, 'Sherline', 'Privett', 'sprivettd@dyndns.org', 'F', '698-47-0641', '1 Oak Pass', '1940-05-12');
insert into pacientes (paciente_id, nombre, apellido, email, genero, telefono, direccion, fecha_nacimiento) values (15, 'Bendite', 'Skym', 'bskyme@google.com.hk', 'F', '440-43-4037', '3493 Ridgeway Lane', '1966-12-17');
insert into pacientes (paciente_id, nombre, apellido, email, genero, telefono, direccion, fecha_nacimiento) values (16, 'Christen', 'Catherine', 'ccatherinef@mac.com', 'F', '476-61-5551', '7482 Sloan Parkway', '2011-02-15');
insert into pacientes (paciente_id, nombre, apellido, email, genero, telefono, direccion, fecha_nacimiento) values (17, 'Martino', 'Ziemens', 'mziemensg@mozilla.com', 'M', '520-43-7455', '409 Loftsgordon Avenue', '1984-01-04');
insert into pacientes (paciente_id, nombre, apellido, email, genero, telefono, direccion, fecha_nacimiento) values (18, 'Tobey', 'Karpol', 'tkarpolh@reddit.com', 'F', '216-81-6555', '2573 American Lane', '2013-08-07');
insert into pacientes (paciente_id, nombre, apellido, email, genero, telefono, direccion, fecha_nacimiento) values (19, 'Lucia', 'Chapelhow', 'lchapelhowi@jugem.jp', 'F', '356-51-9202', '7270 Portage Crossing', '2005-05-05');
insert into pacientes (paciente_id, nombre, apellido, email, genero, telefono, direccion, fecha_nacimiento) values (20, 'Roxie', 'Osban', 'rosbanj@icq.com', 'F', '753-22-3092', '95462 Cherokee Avenue', '1977-04-23');
insert into pacientes (paciente_id, nombre, apellido, email, genero, telefono, direccion, fecha_nacimiento) values (21, 'Concordia', 'Jubb', 'cjubbk@vimeo.com', 'F', '223-42-5975', '5 Homewood Road', '2018-09-08');
insert into pacientes (paciente_id, nombre, apellido, email, genero, telefono, direccion, fecha_nacimiento) values (22, 'Walker', 'Brick', 'wbrickl@state.tx.us', 'M', '421-51-0822', '690 Bartelt Court', '1969-11-27');
insert into pacientes (paciente_id, nombre, apellido, email, genero, telefono, direccion, fecha_nacimiento) values (23, 'Karlee', 'Schafer', 'kschaferm@chicagotribune.com', 'F', '688-53-7209', '89 Grasskamp Point', '2017-01-12');
insert into pacientes (paciente_id, nombre, apellido, email, genero, telefono, direccion, fecha_nacimiento) values (24, 'Fanchon', 'Miskimmon', 'fmiskimmonn@icq.com', 'F', '804-43-5978', '0 Ridgeview Trail', '1996-08-21');
insert into pacientes (paciente_id, nombre, apellido, email, genero, telefono, direccion, fecha_nacimiento) values (25, 'Ofilia', 'Slocombe', 'oslocombeo@xinhuanet.com', 'F', '156-83-1291', '0 Prentice Pass', '1953-02-27');
insert into pacientes (paciente_id, nombre, apellido, email, genero, telefono, direccion, fecha_nacimiento) values (26, 'Feodora', 'Dunwoody', 'fdunwoodyp@yahoo.com', 'F', '605-11-8511', '584 Carpenter Alley', '2003-04-06');
insert into pacientes (paciente_id, nombre, apellido, email, genero, telefono, direccion, fecha_nacimiento) values (27, 'Nelly', 'Worster', 'nworsterq@statcounter.com', 'F', '546-14-2098', '067 Ilene Point', '1930-12-22');
insert into pacientes (paciente_id, nombre, apellido, email, genero, telefono, direccion, fecha_nacimiento) values (28, 'Loretta', 'Fuzzey', 'lfuzzeyr@google.co.jp', 'F', '133-08-3330', '4 4th Plaza', '1947-07-23');
insert into pacientes (paciente_id, nombre, apellido, email, genero, telefono, direccion, fecha_nacimiento) values (29, 'Eachelle', 'Mahony', 'emahonys@posterous.com', 'F', '333-04-3300', '7294 Parkside Lane', '1947-10-09');
insert into pacientes (paciente_id, nombre, apellido, email, genero, telefono, direccion, fecha_nacimiento) values (30, 'Sarajane', 'Scarse', 'sscarset@so-net.ne.jp', 'F', '623-94-5393', '8890 Dayton Lane', '1934-06-07');
insert into pacientes (paciente_id, nombre, apellido, email, genero, telefono, direccion, fecha_nacimiento) values (31, 'Alfonso', 'Pothergill', 'apothergillu@tinyurl.com', 'M', '250-75-0669', '279 Bashford Road', '1965-06-06');
insert into pacientes (paciente_id, nombre, apellido, email, genero, telefono, direccion, fecha_nacimiento) values (32, 'Ruben', 'Barus', 'rbarusv@ox.ac.uk', 'M', '429-23-2718', '86 Glendale Avenue', '1964-10-10');
insert into pacientes (paciente_id, nombre, apellido, email, genero, telefono, direccion, fecha_nacimiento) values (33, 'Ado', 'Grushin', 'agrushinw@nationalgeographic.com', 'M', '153-92-1044', '0 Lawn Circle', '1955-09-26');
insert into pacientes (paciente_id, nombre, apellido, email, genero, telefono, direccion, fecha_nacimiento) values (34, 'Nari', 'Davenhill', 'ndavenhillx@shinystat.com', 'F', '235-32-6031', '38792 Nelson Hill', '2002-03-22');
insert into pacientes (paciente_id, nombre, apellido, email, genero, telefono, direccion, fecha_nacimiento) values (35, 'Ericha', 'Causby', 'ecausbyy@w3.org', 'F', '294-27-1343', '17061 Chive Alley', '1945-10-09');
insert into pacientes (paciente_id, nombre, apellido, email, genero, telefono, direccion, fecha_nacimiento) values (36, 'Phaedra', 'Greenley', 'pgreenleyz@51.la', 'F', '375-05-3501', '99 Laurel Place', '2004-03-10');
insert into pacientes (paciente_id, nombre, apellido, email, genero, telefono, direccion, fecha_nacimiento) values (37, 'Gan', 'Astling', 'gastling10@moonfruit.com', 'M', '453-91-1053', '4 Glacier Hill Park', '1997-03-23');
insert into pacientes (paciente_id, nombre, apellido, email, genero, telefono, direccion, fecha_nacimiento) values (38, 'Taite', 'Newe', 'tnewe11@weather.com', 'M', '777-77-5562', '9488 Elmside Street', '1986-02-23');
insert into pacientes (paciente_id, nombre, apellido, email, genero, telefono, direccion, fecha_nacimiento) values (39, 'Clarie', 'Bernuzzi', 'cbernuzzi12@earthlink.net', 'F', '822-06-5721', '19 Blue Bill Park Road', '2017-11-09');
insert into pacientes (paciente_id, nombre, apellido, email, genero, telefono, direccion, fecha_nacimiento) values (40, 'Grete', 'St. Quentin', 'gstquentin13@weather.com', 'F', '647-91-3246', '601 Swallow Park', '2000-02-25');
insert into pacientes (paciente_id, nombre, apellido, email, genero, telefono, direccion, fecha_nacimiento) values (41, 'Yolande', 'Kite', 'ykite14@domainmarket.com', 'F', '476-51-7659', '5 Monument Pass', '1959-11-18');
insert into pacientes (paciente_id, nombre, apellido, email, genero, telefono, direccion, fecha_nacimiento) values (42, 'Anton', 'Boarder', 'aboarder15@goo.ne.jp', 'M', '176-10-8675', '295 Butterfield Terrace', '2010-04-25');
insert into pacientes (paciente_id, nombre, apellido, email, genero, telefono, direccion, fecha_nacimiento) values (43, 'Annecorinne', 'Standall', 'astandall16@psu.edu', 'F', '708-59-0088', '75 Sachs Circle', '1961-09-29');
insert into pacientes (paciente_id, nombre, apellido, email, genero, telefono, direccion, fecha_nacimiento) values (44, 'Koo', 'Dowzell', 'kdowzell17@ed.gov', 'F', '524-19-4421', '16275 Di Loreto Circle', '1952-03-07');
insert into pacientes (paciente_id, nombre, apellido, email, genero, telefono, direccion, fecha_nacimiento) values (45, 'Gonzales', 'Thorowgood', 'gthorowgood18@ehow.com', 'M', '651-15-2884', '82 Colorado Point', '1965-11-20');
insert into pacientes (paciente_id, nombre, apellido, email, genero, telefono, direccion, fecha_nacimiento) values (46, 'Shellie', 'Rounds', 'srounds19@bloglines.com', 'F', '556-78-2087', '50 Schurz Way', '2010-11-05');
insert into pacientes (paciente_id, nombre, apellido, email, genero, telefono, direccion, fecha_nacimiento) values (47, 'Terrye', 'Silby', 'tsilby1a@dot.gov', 'F', '185-38-8544', '8977 Mosinee Court', '1942-08-05');
insert into pacientes (paciente_id, nombre, apellido, email, genero, telefono, direccion, fecha_nacimiento) values (48, 'Alexandro', 'Muffen', 'amuffen1b@ted.com', 'M', '769-88-3015', '570 Miller Road', '2016-11-09');
insert into pacientes (paciente_id, nombre, apellido, email, genero, telefono, direccion, fecha_nacimiento) values (49, 'Em', 'Danieli', 'edanieli1c@tiny.cc', 'M', '422-15-7158', '95279 Maryland Center', '1970-04-05');
insert into pacientes (paciente_id, nombre, apellido, email, genero, telefono, direccion, fecha_nacimiento) values (50, 'Marya', 'Sybbe', 'msybbe1d@domainmarket.com', 'F', '597-49-1078', '2603 Tony Way', '1974-07-12');
insert into pacientes (paciente_id, nombre, apellido, email, genero, telefono, direccion, fecha_nacimiento) values (51, 'Tamma', 'Artindale', 'tartindale1e@gmpg.org', 'F', '456-23-0077', '86 Dixon Street', '1979-11-18');
insert into pacientes (paciente_id, nombre, apellido, email, genero, telefono, direccion, fecha_nacimiento) values (52, 'Gerrie', 'Bustin', 'gbustin1f@globo.com', 'M', '614-22-5539', '575 International Avenue', '1992-03-29');
insert into pacientes (paciente_id, nombre, apellido, email, genero, telefono, direccion, fecha_nacimiento) values (53, 'Adelaide', 'Twyford', 'atwyford1g@ezinearticles.com', 'F', '283-58-1244', '2425 Holmberg Crossing', '2010-12-14');
insert into pacientes (paciente_id, nombre, apellido, email, genero, telefono, direccion, fecha_nacimiento) values (54, 'Boote', 'Corby', 'bcorby1h@wikia.com', 'M', '145-41-6877', '3134 Troy Court', '1976-10-03');
insert into pacientes (paciente_id, nombre, apellido, email, genero, telefono, direccion, fecha_nacimiento) values (55, 'Starlene', 'Spurdle', 'sspurdle1i@nhs.uk', 'F', '330-22-8048', '2882 Shopko Terrace', '1978-07-11');
insert into pacientes (paciente_id, nombre, apellido, email, genero, telefono, direccion, fecha_nacimiento) values (56, 'Fee', 'Huyche', 'fhuyche1j@ovh.net', 'M', '211-62-5611', '83951 Browning Avenue', '2004-05-29');
insert into pacientes (paciente_id, nombre, apellido, email, genero, telefono, direccion, fecha_nacimiento) values (57, 'Barnie', 'Nobbs', 'bnobbs1k@360.cn', 'M', '291-01-0057', '746 Swallow Lane', '2015-04-11');
insert into pacientes (paciente_id, nombre, apellido, email, genero, telefono, direccion, fecha_nacimiento) values (58, 'Britni', 'Ingold', 'bingold1l@webmd.com', 'F', '471-77-9751', '89772 Talmadge Terrace', '1974-08-03');
insert into pacientes (paciente_id, nombre, apellido, email, genero, telefono, direccion, fecha_nacimiento) values (59, 'Brandice', 'Lipyeat', 'blipyeat1m@ning.com', 'F', '246-59-0080', '6 Ramsey Road', '2009-04-19');
insert into pacientes (paciente_id, nombre, apellido, email, genero, telefono, direccion, fecha_nacimiento) values (60, 'Edgard', 'Scholey', 'escholey1n@forbes.com', 'M', '444-94-5537', '302 Dryden Parkway', '1998-03-25');
insert into pacientes (paciente_id, nombre, apellido, email, genero, telefono, direccion, fecha_nacimiento) values (61, 'Kip', 'Andreone', 'kandreone1o@forbes.com', 'M', '196-14-7537', '6 Morrow Avenue', '1983-06-19');
insert into pacientes (paciente_id, nombre, apellido, email, genero, telefono, direccion, fecha_nacimiento) values (62, 'Roxy', 'Cumine', 'rcumine1p@elpais.com', 'F', '653-64-6207', '9 Dayton Parkway', '1965-06-26');
insert into pacientes (paciente_id, nombre, apellido, email, genero, telefono, direccion, fecha_nacimiento) values (63, 'Arie', 'Worsom', 'aworsom1q@a8.net', 'M', '652-45-5014', '44 Loomis Park', '1957-09-17');
insert into pacientes (paciente_id, nombre, apellido, email, genero, telefono, direccion, fecha_nacimiento) values (64, 'Hartwell', 'Cleaveland', 'hcleaveland1r@virginia.edu', 'M', '553-57-4068', '7 Merry Alley', '1979-03-07');
insert into pacientes (paciente_id, nombre, apellido, email, genero, telefono, direccion, fecha_nacimiento) values (65, 'Linc', 'Morrant', 'lmorrant1s@godaddy.com', 'M', '160-73-8618', '1 Schlimgen Court', '1984-09-17');
insert into pacientes (paciente_id, nombre, apellido, email, genero, telefono, direccion, fecha_nacimiento) values (66, 'Eberto', 'Hay', 'ehay1t@digg.com', 'M', '628-72-3671', '57313 Pepper Wood Circle', '2007-07-26');
insert into pacientes (paciente_id, nombre, apellido, email, genero, telefono, direccion, fecha_nacimiento) values (67, 'Mathew', 'Elwill', 'melwill1u@ibm.com', 'M', '726-93-2806', '48 Fulton Parkway', '1933-07-04');
insert into pacientes (paciente_id, nombre, apellido, email, genero, telefono, direccion, fecha_nacimiento) values (68, 'Jori', 'Etheridge', 'jetheridge1v@nymag.com', 'F', '413-63-5483', '5 Nobel Way', '1998-05-11');
insert into pacientes (paciente_id, nombre, apellido, email, genero, telefono, direccion, fecha_nacimiento) values (69, 'Chariot', 'Tomlin', 'ctomlin1w@dot.gov', 'M', '596-43-5901', '21 Johnson Point', '1950-09-09');
insert into pacientes (paciente_id, nombre, apellido, email, genero, telefono, direccion, fecha_nacimiento) values (70, 'Abagael', 'Pauli', 'apauli1x@opera.com', 'F', '500-47-4503', '27477 Gina Point', '1999-04-16');
insert into pacientes (paciente_id, nombre, apellido, email, genero, telefono, direccion, fecha_nacimiento) values (71, 'Olga', 'Gobell', 'ogobell1y@amazon.de', 'F', '829-64-5524', '8 Artisan Center', '1990-07-24');
insert into pacientes (paciente_id, nombre, apellido, email, genero, telefono, direccion, fecha_nacimiento) values (72, 'Terrell', 'Morsom', 'tmorsom1z@purevolume.com', 'M', '850-91-8502', '2227 Anniversary Parkway', '1972-08-13');
insert into pacientes (paciente_id, nombre, apellido, email, genero, telefono, direccion, fecha_nacimiento) values (73, 'Duke', 'Ponte', 'dponte20@narod.ru', 'M', '175-19-1875', '169 Eastwood Parkway', '1997-07-12');
insert into pacientes (paciente_id, nombre, apellido, email, genero, telefono, direccion, fecha_nacimiento) values (74, 'Ahmad', 'Atcheson', 'aatcheson21@delicious.com', 'M', '447-57-5161', '342 Karstens Alley', '1991-12-16');
insert into pacientes (paciente_id, nombre, apellido, email, genero, telefono, direccion, fecha_nacimiento) values (75, 'Myca', 'Golds', 'mgolds22@blogtalkradio.com', 'M', '647-25-3278', '88 5th Hill', '2007-03-30');
insert into pacientes (paciente_id, nombre, apellido, email, genero, telefono, direccion, fecha_nacimiento) values (76, 'Laurene', 'Tindley', 'ltindley23@tamu.edu', 'F', '765-24-1678', '24231 Pine View Center', '1985-06-24');
insert into pacientes (paciente_id, nombre, apellido, email, genero, telefono, direccion, fecha_nacimiento) values (77, 'Aron', 'Knight', 'aknight24@blogspot.com', 'M', '461-19-2213', '55492 Kropf Street', '1935-04-22');
insert into pacientes (paciente_id, nombre, apellido, email, genero, telefono, direccion, fecha_nacimiento) values (78, 'Kellia', 'Iorizzo', 'kiorizzo25@utexas.edu', 'F', '838-77-9468', '6177 Sutherland Pass', '1947-11-12');
insert into pacientes (paciente_id, nombre, apellido, email, genero, telefono, direccion, fecha_nacimiento) values (79, 'Vi', 'Lebreton', 'vlebreton26@noaa.gov', 'F', '255-87-4087', '8806 Rutledge Junction', '1958-09-04');
insert into pacientes (paciente_id, nombre, apellido, email, genero, telefono, direccion, fecha_nacimiento) values (80, 'Jessie', 'Ariss', 'jariss27@slate.com', 'M', '766-63-1512', '53 Morningstar Point', '1981-07-05');
insert into pacientes (paciente_id, nombre, apellido, email, genero, telefono, direccion, fecha_nacimiento) values (81, 'Anallise', 'Britney', 'abritney28@google.com.br', 'F', '537-19-3000', '65914 Montana Trail', '1942-08-18');
insert into pacientes (paciente_id, nombre, apellido, email, genero, telefono, direccion, fecha_nacimiento) values (82, 'Tedda', 'Towlson', 'ttowlson29@rediff.com', 'F', '339-51-5778', '6161 Eggendart Street', '1946-02-20');
insert into pacientes (paciente_id, nombre, apellido, email, genero, telefono, direccion, fecha_nacimiento) values (83, 'Edsel', 'Connor', 'econnor2a@123-reg.co.uk', 'M', '273-05-7170', '5 Mayfield Hill', '1938-09-02');
insert into pacientes (paciente_id, nombre, apellido, email, genero, telefono, direccion, fecha_nacimiento) values (84, 'Meade', 'Muzzollo', 'mmuzzollo2b@meetup.com', 'F', '699-05-0345', '788 Mcbride Court', '2002-11-04');
insert into pacientes (paciente_id, nombre, apellido, email, genero, telefono, direccion, fecha_nacimiento) values (85, 'Ceciley', 'Dodworth', 'cdodworth2c@hexun.com', 'F', '337-17-8298', '68 Melby Terrace', '1932-12-15');
insert into pacientes (paciente_id, nombre, apellido, email, genero, telefono, direccion, fecha_nacimiento) values (86, 'Chandler', 'Infante', 'cinfante2d@wp.com', 'M', '106-68-6754', '3 Sloan Terrace', '1980-06-14');
insert into pacientes (paciente_id, nombre, apellido, email, genero, telefono, direccion, fecha_nacimiento) values (87, 'Cody', 'Boothroyd', 'cboothroyd2e@furl.net', 'M', '674-91-8063', '1 Clyde Gallagher Circle', '1935-12-12');
insert into pacientes (paciente_id, nombre, apellido, email, genero, telefono, direccion, fecha_nacimiento) values (88, 'Hodge', 'Stansfield', 'hstansfield2f@paginegialle.it', 'M', '602-27-4423', '33 Valley Edge Lane', '1960-04-10');
insert into pacientes (paciente_id, nombre, apellido, email, genero, telefono, direccion, fecha_nacimiento) values (89, 'Selene', 'Piffe', 'spiffe2g@scientificamerican.com', 'F', '778-81-2945', '98079 Northland Terrace', '1965-01-10');
insert into pacientes (paciente_id, nombre, apellido, email, genero, telefono, direccion, fecha_nacimiento) values (90, 'Rudy', 'Boeck', 'rboeck2h@europa.eu', 'M', '760-69-1366', '7 Nevada Street', '2002-05-11');
insert into pacientes (paciente_id, nombre, apellido, email, genero, telefono, direccion, fecha_nacimiento) values (91, 'Lesli', 'Tawn', 'ltawn2i@army.mil', 'F', '172-11-1552', '86097 High Crossing Place', '2017-10-08');
insert into pacientes (paciente_id, nombre, apellido, email, genero, telefono, direccion, fecha_nacimiento) values (92, 'Jermayne', 'Kilfedder', 'jkilfedder2j@ftc.gov', 'M', '237-61-3113', '9462 Memorial Avenue', '1945-10-24');
insert into pacientes (paciente_id, nombre, apellido, email, genero, telefono, direccion, fecha_nacimiento) values (93, 'Yance', 'MacInherney', 'ymacinherney2k@google.com.au', 'M', '294-51-5669', '6 Rutledge Terrace', '1983-10-31');
insert into pacientes (paciente_id, nombre, apellido, email, genero, telefono, direccion, fecha_nacimiento) values (94, 'Henrie', 'Couth', 'hcouth2l@cisco.com', 'F', '477-77-6936', '15434 Golf Drive', '1980-04-21');
insert into pacientes (paciente_id, nombre, apellido, email, genero, telefono, direccion, fecha_nacimiento) values (95, 'Mohandas', 'McCullum', 'mmccullum2m@php.net', 'M', '708-84-1556', '57 Gerald Drive', '1958-07-13');
insert into pacientes (paciente_id, nombre, apellido, email, genero, telefono, direccion, fecha_nacimiento) values (96, 'Ephrayim', 'O''Hanley', 'eohanley2n@usnews.com', 'M', '242-03-5447', '451 Stephen Trail', '1951-01-31');
insert into pacientes (paciente_id, nombre, apellido, email, genero, telefono, direccion, fecha_nacimiento) values (97, 'Yetty', 'Domegan', 'ydomegan2o@geocities.jp', 'F', '536-17-4446', '46739 Dapin Avenue', '1954-12-25');
insert into pacientes (paciente_id, nombre, apellido, email, genero, telefono, direccion, fecha_nacimiento) values (98, 'Courtnay', 'Elsby', 'celsby2p@squidoo.com', 'M', '707-80-6313', '9391 Village Green Pass', '1948-02-23');
insert into pacientes (paciente_id, nombre, apellido, email, genero, telefono, direccion, fecha_nacimiento) values (99, 'Horatia', 'Dawber', 'hdawber2q@elpais.com', 'F', '305-58-2395', '8060 Crowley Way', '1940-02-20');
insert into pacientes (paciente_id, nombre, apellido, email, genero, telefono, direccion, fecha_nacimiento) values (100, 'Basia', 'Dukelow', 'bdukelow2r@stumbleupon.com', 'F', '448-52-9048', '7 Hooker Hill', '1963-02-28');

-- Insertar datos de especialidades

INSERT INTO especialidades (nombre_especialidad) VALUES ("Neurologia"), ("Psiquiatria"), 
("Dermatologia"), ("Oftalmologia"), ("Cardiologia"), ("Urologia"), ("Ginecologia");


-- Ingreso de datos aleatorios Medicos

insert into medicos (medico_id, nombre, apellido, especialidad_id, telefono) values (1, 'Jermaine', 'Reina', 1, '800-82-6221');
insert into medicos (medico_id, nombre, apellido, especialidad_id, telefono) values (2, 'Gaile', 'Chason', 7, '844-49-7876');
insert into medicos (medico_id, nombre, apellido, especialidad_id, telefono) values (3, 'Fredra', 'Speaks', 3, '339-46-4910');
insert into medicos (medico_id, nombre, apellido, especialidad_id, telefono) values (4, 'Gram', 'Harg', 3, '495-74-6272');
insert into medicos (medico_id, nombre, apellido, especialidad_id, telefono) values (5, 'Vance', 'Moquin', 2, '702-25-4955');
insert into medicos (medico_id, nombre, apellido, especialidad_id, telefono) values (6, 'Mommy', 'Kemmis', 6 , '895-17-0927');
insert into medicos (medico_id, nombre, apellido, especialidad_id, telefono) values (7, 'Cariotta', 'Gulley', 6, '162-90-3679');
insert into medicos (medico_id, nombre, apellido, especialidad_id, telefono) values (8, 'Henri', 'Brister', 4, '361-86-2190');
insert into medicos (medico_id, nombre, apellido, especialidad_id, telefono) values (9, 'Bordie', 'Jefferies', 5, '633-78-3857');
insert into medicos (medico_id, nombre, apellido, especialidad_id, telefono) values (10, 'Mathew', 'Heasley', 1, '410-01-2279');
insert into medicos (medico_id, nombre, apellido, especialidad_id, telefono) values (11, 'Rodrigo', 'Kearn', 3, '419-38-7505');
insert into medicos (medico_id, nombre, apellido, especialidad_id, telefono) values (12, 'Regen', 'Agney', 5, '302-64-0426');
insert into medicos (medico_id, nombre, apellido, especialidad_id, telefono) values (13, 'Delmer', 'Redding', 6, '396-76-8545');
insert into medicos (medico_id, nombre, apellido, especialidad_id, telefono) values (14, 'Ferris', 'Ornelas', 2, '800-43-5423');
insert into medicos (medico_id, nombre, apellido, especialidad_id, telefono) values (15, 'Dimitri', 'Wilkie', 5, '534-75-9601');
insert into medicos (medico_id, nombre, apellido, especialidad_id, telefono) values (16, 'Allie', 'Kiffe', 5, '789-55-2295');
insert into medicos (medico_id, nombre, apellido, especialidad_id, telefono) values (17, 'Jenica', 'Phalip', 1, '599-09-5772');
insert into medicos (medico_id, nombre, apellido, especialidad_id, telefono) values (18, 'Flossie', 'Morgen', 2, '597-51-9621');
insert into medicos (medico_id, nombre, apellido, especialidad_id, telefono) values (19, 'Stepha', 'Flemming', 3, '799-97-8449');
insert into medicos (medico_id, nombre, apellido, especialidad_id, telefono) values (20, 'Terence', 'McIlrath', 4, '586-48-5735');

-- Insertar datos turnos

INSERT INTO `turnos` (`paciente_id`,`medico_id`,`fecha_hora`,`precio`) VALUES (24,19,"2020-03-29 17:25:55","268.63"),(1,3,"2021-08-09 10:01:18","595.47"),(64,4,"2021-08-13 09:24:36","391.51"),(18,18,"2020-08-27 16:50:13","789.01"),(71,13,"2021-07-17 14:07:52","996.58"),(93,15,"2020-04-16 11:31:32","594.54"),(17,6,"2021-02-26 18:28:11","271.31"),(17,20,"2021-04-16 17:24:20","924.81"),(66,9,"2020-07-06 19:28:43","631.53"),(17,4,"2021-01-16 19:27:44","919.61");
INSERT INTO `turnos` (`paciente_id`,`medico_id`,`fecha_hora`,`precio`) VALUES (41,12,"2020-11-10 04:49:38","411.61"),(74,5,"2021-02-10 09:59:30","377.68"),(39,18,"2020-11-01 10:51:17","947.49"),(55,2,"2019-11-24 07:02:03","851.67"),(12,9,"2021-09-17 21:16:51","679.57"),(6,6,"2021-04-06 22:52:28","503.15"),(35,18,"2021-02-03 05:26:24","873.54"),(98,18,"2020-01-05 17:01:27","761.55"),(11,12,"2020-11-29 12:21:01","249.93"),(94,13,"2020-02-16 12:51:58","315.85");
INSERT INTO `turnos` (`paciente_id`,`medico_id`,`fecha_hora`,`precio`) VALUES (23,12,"2020-01-16 08:28:45","459.06"),(68,6,"2020-09-08 05:39:36","208.37"),(59,13,"2021-05-24 12:18:33","984.25"),(49,9,"2020-07-28 23:47:00","852.53"),(71,2,"2020-02-14 14:19:04","700.74"),(44,9,"2020-09-27 04:04:38","263.60"),(38,15,"2021-10-27 05:53:11","849.59"),(27,8,"2020-12-03 22:26:12","581.06"),(85,13,"2020-10-08 11:08:25","673.07"),(10,11,"2021-09-02 03:34:48","477.70");
INSERT INTO `turnos` (`paciente_id`,`medico_id`,`fecha_hora`,`precio`) VALUES (49,14,"2021-10-02 16:53:21","509.24"),(86,20,"2020-11-06 03:25:07","913.43"),(22,10,"2020-06-15 13:11:39","417.75"),(28,18,"2021-08-17 11:48:33","241.74"),(51,4,"2020-01-29 14:51:16","777.05"),(3,20,"2021-09-20 10:49:34","708.90"),(25,12,"2021-07-20 07:49:12","605.91"),(17,8,"2021-10-11 07:38:02","580.60"),(40,5,"2021-09-01 16:33:27","457.02"),(19,16,"2020-02-27 04:48:52","891.31");
INSERT INTO `turnos` (`paciente_id`,`medico_id`,`fecha_hora`,`precio`) VALUES (97,3,"2019-12-16 08:07:43","879.65"),(89,2,"2021-03-08 19:23:23","620.51"),(93,20,"2020-01-31 22:59:41","375.67"),(41,8,"2020-04-29 09:22:47","455.11"),(82,14,"2020-10-21 01:58:27","685.32"),(18,8,"2021-06-23 00:00:59","417.65"),(22,18,"2020-04-05 22:42:12","676.37"),(67,17,"2020-02-12 06:37:03","360.16"),(38,14,"2020-01-16 10:37:52","699.95"),(74,7,"2021-03-21 15:43:54","838.53");
INSERT INTO `turnos` (`paciente_id`,`medico_id`,`fecha_hora`,`precio`) VALUES (28,13,"2020-12-28 22:32:18","708.03"),(96,8,"2021-04-25 11:01:21","526.15"),(46,16,"2020-05-16 18:09:54","823.52"),(53,9,"2021-09-29 06:05:09","312.05"),(49,9,"2020-04-12 03:50:32","330.40"),(79,7,"2021-03-20 07:12:54","204.08"),(93,2,"2021-02-09 22:01:47","673.87"),(43,14,"2020-10-27 15:12:45","272.42"),(42,13,"2021-05-24 13:03:26","478.13"),(80,13,"2020-11-16 17:16:48","508.24");
INSERT INTO `turnos` (`paciente_id`,`medico_id`,`fecha_hora`,`precio`) VALUES (97,1,"2019-12-30 20:57:41","878.69"),(98,14,"2019-11-22 00:35:06","846.99"),(2,11,"2021-05-08 11:26:44","448.36"),(94,11,"2021-10-01 22:59:55","763.50"),(39,14,"2020-04-05 14:20:35","427.06"),(69,18,"2019-11-15 04:50:55","588.04"),(81,9,"2020-05-31 15:30:47","829.92"),(45,2,"2020-01-23 23:33:23","310.94"),(74,12,"2021-01-25 00:17:32","981.62"),(85,9,"2021-04-13 17:04:15","471.48");
INSERT INTO `turnos` (`paciente_id`,`medico_id`,`fecha_hora`,`precio`) VALUES (100,18,"2021-06-23 15:08:30","396.41"),(92,8,"2020-03-08 09:28:20","854.78"),(94,17,"2020-12-16 03:50:06","520.71"),(19,10,"2020-12-12 11:23:29","567.11"),(62,12,"2020-05-15 07:20:10","968.91"),(11,5,"2021-02-02 05:04:11","873.90"),(71,8,"2020-09-13 04:12:32","821.22"),(9,11,"2021-03-11 17:04:15","324.54"),(59,4,"2021-06-27 13:05:51","368.22"),(79,20,"2020-03-02 00:09:16","262.47");
INSERT INTO `turnos` (`paciente_id`,`medico_id`,`fecha_hora`,`precio`) VALUES (28,15,"2020-06-16 11:01:33","741.12"),(86,4,"2019-12-26 09:43:57","721.71"),(33,12,"2021-04-17 21:12:04","419.99"),(85,18,"2019-12-25 13:16:11","725.64"),(80,19,"2021-01-19 03:38:05","581.68"),(1,4,"2021-02-24 09:08:04","860.32"),(4,13,"2021-09-25 21:07:47","962.09"),(52,10,"2020-12-14 01:47:25","306.62"),(61,13,"2021-06-21 21:18:40","972.33"),(18,10,"2019-12-27 17:49:48","682.89");
INSERT INTO `turnos` (`paciente_id`,`medico_id`,`fecha_hora`,`precio`) VALUES (26,20,"2020-03-05 12:57:42","367.38"),(91,13,"2019-10-30 17:08:27","846.44"),(96,3,"2021-02-03 10:57:49","430.18"),(42,16,"2020-05-04 18:17:14","548.33"),(72,12,"2021-06-08 14:38:07","289.43"),(50,17,"2021-04-30 02:08:37","283.10"),(83,18,"2021-04-25 04:46:29","667.73"),(12,20,"2020-01-15 22:32:17","516.23"),(100,11,"2021-07-09 20:17:31","947.93"),(34,12,"2020-12-08 15:12:37","916.04");


-- Insertar datos aletorios de historias medicas

insert into historia_medica (historia_id, medico_id, turno_id, diagnostico) values (1, 13, 83, 'justo sollicitudin ut suscipit a feugiat et eros vestibulum ac est lacinia nisi venenatis tristique fusce congue diam id ornare imperdiet sapien urna pretium nisl ut volutpat sapien arcu sed augue aliquam erat volutpat in congue etiam justo etiam pretium iaculis justo in hac habitasse platea dictumst etiam faucibus cursus urna ut tellus nulla ut erat id mauris vulputate elementum nullam varius nulla facilisi cras non velit nec nisi vulputate nonummy maecenas tincidunt lacus at velit vivamus vel nulla eget eros elementum pellentesque quisque porta volutpat erat quisque erat eros viverra eget congue eget semper rutrum nulla nunc purus phasellus in felis donec semper sapien a libero nam dui proin leo odio porttitor id consequat in consequat ut nulla sed accumsan felis ut at dolor quis odio consequat varius integer ac leo pellentesque ultrices mattis odio donec vitae nisi nam ultrices libero non mattis pulvinar nulla pede');
insert into historia_medica (historia_id, medico_id, turno_id, diagnostico) values (2, 6, 80, 'in libero ut massa volutpat convallis morbi odio odio elementum eu interdum eu tincidunt in leo maecenas pulvinar lobortis');
insert into historia_medica (historia_id, medico_id, turno_id, diagnostico) values (3, 7, 61, 'tempus sit amet sem fusce consequat nulla nisl nunc nisl duis bibendum felis sed interdum venenatis turpis enim blandit mi in porttitor pede justo eu massa donec dapibus duis at velit eu est congue elementum in hac habitasse platea dictumst morbi vestibulum velit id pretium iaculis diam erat fermentum justo nec condimentum neque sapien placerat ante nulla justo aliquam quis turpis eget elit sodales scelerisque mauris sit amet eros suspendisse accumsan tortor quis turpis sed ante vivamus tortor duis mattis egestas metus aenean fermentum donec ut mauris eget massa tempor convallis nulla neque libero convallis eget eleifend luctus ultricies eu nibh quisque id justo sit amet sapien dignissim vestibulum vestibulum ante ipsum primis in faucibus orci luctus et ultrices posuere cubilia curae');
insert into historia_medica (historia_id, medico_id, turno_id, diagnostico) values (4, 2, 1, 'mauris laoreet ut rhoncus aliquet pulvinar sed nisl nunc rhoncus dui vel sem sed sagittis nam congue risus semper porta volutpat quam pede lobortis');
insert into historia_medica (historia_id, medico_id, turno_id, diagnostico) values (5, 2, 99, 'dictumst aliquam augue quam sollicitudin vitae consectetuer eget rutrum at lorem integer tincidunt ante vel ipsum praesent blandit lacinia erat vestibulum sed magna at nunc commodo placerat praesent blandit nam nulla integer pede justo lacinia eget tincidunt eget tempus vel pede morbi porttitor lorem id ligula suspendisse ornare consequat lectus in est risus auctor sed tristique in tempus sit amet sem fusce consequat nulla nisl nunc nisl duis bibendum felis sed interdum venenatis turpis enim blandit mi in porttitor pede justo eu massa donec dapibus duis at velit eu est congue elementum in hac habitasse platea dictumst morbi vestibulum velit id pretium iaculis diam erat fermentum justo nec condimentum neque sapien placerat ante nulla justo aliquam');
insert into historia_medica (historia_id, medico_id, turno_id, diagnostico) values (6, 16, 18, 'turpis integer aliquet massa id lobortis convallis tortor risus dapibus augue vel accumsan tellus nisi eu orci mauris lacinia sapien quis libero nullam sit amet turpis elementum ligula vehicula consequat morbi a ipsum integer a nibh in quis justo maecenas rhoncus aliquam lacus morbi quis tortor id nulla ultrices aliquet maecenas leo odio condimentum id luctus nec molestie sed justo pellentesque viverra pede ac diam cras pellentesque volutpat dui maecenas tristique est et tempus semper est quam pharetra magna ac consequat metus sapien ut nunc vestibulum ante ipsum primis in faucibus orci luctus et ultrices posuere cubilia curae mauris viverra diam vitae quam suspendisse potenti nullam porttitor lacus at turpis donec posuere metus vitae ipsum aliquam non mauris morbi non lectus aliquam sit amet diam in magna bibendum imperdiet nullam orci pede venenatis non sodales sed tincidunt eu felis fusce posuere felis sed lacus morbi sem mauris laoreet ut rhoncus aliquet pulvinar sed nisl nunc rhoncus dui vel sem sed sagittis nam congue risus semper porta volutpat quam pede lobortis ligula sit amet eleifend pede libero quis orci nullam molestie nibh in lectus pellentesque at nulla suspendisse potenti cras in purus eu magna vulputate luctus cum sociis natoque penatibus et magnis dis parturient montes nascetur ridiculus mus vivamus vestibulum sagittis sapien cum sociis natoque penatibus et magnis dis parturient montes nascetur ridiculus mus etiam vel augue vestibulum rutrum rutrum neque aenean auctor gravida sem praesent id massa id nisl venenatis lacinia aenean sit amet justo morbi ut odio cras mi pede malesuada in imperdiet et commodo vulputate justo in blandit ultrices enim lorem ipsum dolor sit amet consectetuer adipiscing elit proin');
insert into historia_medica (historia_id, medico_id, turno_id, diagnostico) values (7, 14, 99, 'ante ipsum primis in faucibus orci luctus et ultrices posuere cubilia curae nulla dapibus dolor vel est donec odio justo sollicitudin ut suscipit a feugiat et eros vestibulum ac est lacinia nisi venenatis tristique fusce congue diam id ornare imperdiet sapien urna pretium nisl ut volutpat sapien arcu sed augue aliquam erat volutpat in congue etiam justo etiam pretium iaculis justo in hac habitasse platea dictumst etiam faucibus cursus urna ut tellus nulla ut erat id mauris vulputate elementum nullam varius nulla facilisi cras non velit nec nisi vulputate nonummy maecenas tincidunt lacus at velit vivamus vel nulla eget eros elementum pellentesque quisque porta volutpat erat quisque erat eros viverra eget congue eget semper rutrum nulla nunc purus phasellus in felis donec semper sapien a libero nam dui proin leo odio porttitor id consequat in consequat ut nulla sed accumsan felis ut at dolor quis odio consequat varius integer ac leo pellentesque ultrices mattis odio donec vitae nisi nam ultrices libero non mattis pulvinar nulla pede ullamcorper augue a suscipit nulla elit ac nulla sed vel');
insert into historia_medica (historia_id, medico_id, turno_id, diagnostico) values (8, 15, 21, 'tincidunt nulla mollis molestie lorem quisque ut erat curabitur gravida nisi at nibh in hac habitasse platea dictumst aliquam augue quam sollicitudin vitae consectetuer eget rutrum at lorem integer tincidunt ante vel ipsum praesent blandit lacinia erat vestibulum sed magna at nunc commodo placerat praesent blandit nam nulla integer pede justo lacinia eget tincidunt eget tempus vel pede morbi porttitor lorem id ligula suspendisse ornare consequat lectus in est risus auctor sed tristique in tempus sit amet sem fusce consequat nulla nisl nunc nisl duis bibendum felis sed interdum venenatis turpis enim blandit mi in porttitor pede justo eu massa donec dapibus duis at velit eu est congue elementum in hac habitasse platea dictumst morbi vestibulum velit id pretium iaculis diam erat fermentum justo nec condimentum neque');
insert into historia_medica (historia_id, medico_id, turno_id, diagnostico) values (9, 5, 39, 'et magnis dis parturient montes nascetur ridiculus mus etiam vel augue vestibulum rutrum rutrum neque aenean auctor gravida sem praesent id massa id nisl venenatis lacinia aenean sit amet justo morbi ut odio cras mi pede malesuada in imperdiet et commodo vulputate justo in blandit ultrices enim lorem ipsum dolor sit amet consectetuer adipiscing elit proin interdum mauris non ligula pellentesque ultrices phasellus id sapien in sapien iaculis congue vivamus metus arcu adipiscing molestie hendrerit at vulputate vitae nisl aenean lectus pellentesque eget nunc donec');
insert into historia_medica (historia_id, medico_id, turno_id, diagnostico) values (10, 8, 50, 'justo lacinia eget tincidunt eget tempus vel pede morbi porttitor lorem id ligula suspendisse ornare consequat lectus in est risus auctor sed tristique in tempus sit amet sem fusce consequat nulla nisl nunc nisl duis bibendum felis sed interdum venenatis turpis enim blandit mi in porttitor pede justo eu massa donec dapibus duis at velit eu est congue elementum in hac habitasse platea dictumst morbi vestibulum velit id pretium iaculis diam erat fermentum justo nec condimentum neque sapien placerat ante nulla justo aliquam quis turpis eget elit sodales scelerisque mauris sit amet eros suspendisse accumsan tortor quis');
insert into historia_medica (historia_id, medico_id, turno_id, diagnostico) values (11, 19, 35, 'gravida sem praesent id massa id nisl venenatis lacinia aenean sit amet justo morbi ut odio cras mi pede malesuada in imperdiet et commodo vulputate justo in blandit ultrices enim lorem ipsum dolor sit amet consectetuer adipiscing elit proin interdum mauris non ligula pellentesque ultrices phasellus id sapien in sapien iaculis congue vivamus metus arcu adipiscing molestie hendrerit at vulputate vitae nisl aenean lectus pellentesque eget nunc donec quis orci eget orci vehicula condimentum curabitur in libero ut massa volutpat convallis morbi odio odio elementum eu interdum eu tincidunt in leo maecenas pulvinar lobortis est phasellus sit amet erat nulla tempus vivamus in felis eu sapien cursus vestibulum proin eu mi nulla ac enim in tempor turpis nec euismod scelerisque quam turpis adipiscing lorem vitae mattis nibh ligula nec sem duis aliquam convallis nunc proin at turpis a pede posuere nonummy integer non velit donec diam neque vestibulum eget vulputate ut ultrices vel augue vestibulum ante ipsum primis in faucibus orci luctus et ultrices posuere cubilia curae donec pharetra magna vestibulum aliquet ultrices erat tortor sollicitudin mi sit amet lobortis sapien sapien non mi integer ac neque duis bibendum morbi non quam nec dui luctus rutrum nulla tellus in sagittis dui vel nisl duis ac nibh fusce lacus purus aliquet at feugiat non pretium quis lectus suspendisse potenti in eleifend quam a odio in hac habitasse platea dictumst maecenas ut massa quis augue luctus tincidunt nulla mollis molestie lorem quisque ut erat curabitur gravida nisi at nibh in hac habitasse platea dictumst aliquam');
insert into historia_medica (historia_id, medico_id, turno_id, diagnostico) values (12, 14, 14, 'ut erat id mauris vulputate elementum nullam varius nulla facilisi cras non velit nec nisi vulputate nonummy maecenas tincidunt lacus at velit vivamus vel');
insert into historia_medica (historia_id, medico_id, turno_id, diagnostico) values (13, 11, 86, 'vitae mattis nibh ligula nec sem duis aliquam convallis nunc proin at turpis a pede posuere nonummy integer non velit donec diam neque vestibulum eget vulputate ut ultrices vel augue vestibulum ante ipsum primis in faucibus orci luctus et ultrices posuere cubilia curae donec pharetra magna vestibulum aliquet ultrices erat tortor sollicitudin mi sit amet lobortis sapien sapien non mi integer ac neque duis bibendum morbi non quam nec dui luctus rutrum nulla tellus in sagittis dui vel nisl duis ac nibh fusce lacus purus aliquet at feugiat non pretium quis lectus suspendisse potenti in eleifend quam a odio in hac habitasse platea dictumst maecenas ut massa quis augue luctus tincidunt nulla mollis molestie lorem quisque ut erat curabitur gravida nisi at nibh in hac habitasse platea dictumst aliquam augue quam sollicitudin vitae consectetuer eget rutrum at lorem integer tincidunt ante vel ipsum praesent blandit lacinia erat vestibulum sed magna at nunc commodo placerat praesent blandit nam nulla integer pede justo lacinia eget tincidunt eget tempus vel pede morbi porttitor lorem id ligula suspendisse ornare consequat lectus in est risus auctor sed tristique in tempus sit amet sem fusce consequat nulla nisl nunc nisl duis bibendum felis sed interdum venenatis turpis enim blandit mi in porttitor pede justo eu massa donec dapibus duis at velit eu est congue elementum in hac habitasse platea dictumst morbi vestibulum velit id pretium iaculis diam erat fermentum justo nec condimentum neque sapien placerat ante nulla justo aliquam quis turpis eget elit sodales scelerisque mauris sit amet eros suspendisse accumsan tortor quis turpis sed ante vivamus tortor duis mattis egestas metus aenean fermentum donec ut mauris eget massa');
insert into historia_medica (historia_id, medico_id, turno_id, diagnostico) values (14, 2, 97, 'suspendisse ornare consequat lectus in est risus auctor sed tristique in tempus sit amet sem fusce consequat nulla nisl nunc nisl duis bibendum felis sed');
insert into historia_medica (historia_id, medico_id, turno_id, diagnostico) values (15, 15, 9, 'quis tortor id nulla ultrices aliquet maecenas leo odio condimentum id luctus nec molestie sed justo pellentesque viverra pede ac diam cras pellentesque volutpat dui maecenas tristique est et tempus semper est quam pharetra magna ac consequat metus sapien ut nunc vestibulum ante ipsum primis in faucibus orci luctus et ultrices posuere cubilia curae mauris viverra diam vitae quam suspendisse potenti nullam porttitor lacus at turpis donec posuere metus vitae ipsum aliquam non mauris morbi non lectus aliquam sit amet diam in magna bibendum imperdiet nullam orci pede venenatis non sodales sed tincidunt eu felis fusce posuere felis sed lacus morbi sem mauris laoreet ut rhoncus aliquet pulvinar sed nisl nunc rhoncus dui vel sem sed sagittis nam congue risus semper porta volutpat quam pede lobortis ligula sit amet eleifend pede libero quis orci nullam molestie nibh in lectus pellentesque at nulla suspendisse potenti cras in purus eu magna vulputate luctus cum sociis natoque penatibus et magnis dis parturient montes nascetur ridiculus mus vivamus vestibulum sagittis sapien cum sociis natoque penatibus et magnis dis parturient montes nascetur ridiculus');
insert into historia_medica (historia_id, medico_id, turno_id, diagnostico) values (16, 20, 77, 'in tempor turpis nec euismod scelerisque quam turpis adipiscing lorem vitae mattis nibh ligula nec sem duis aliquam convallis nunc proin at turpis a pede posuere nonummy integer non velit donec diam neque vestibulum eget vulputate ut ultrices vel augue vestibulum ante ipsum primis in faucibus orci luctus et ultrices posuere cubilia curae donec pharetra magna vestibulum aliquet ultrices erat tortor sollicitudin mi sit amet lobortis sapien sapien non mi integer ac neque duis bibendum morbi non quam nec dui luctus rutrum nulla tellus in sagittis dui vel nisl duis ac nibh fusce lacus purus aliquet at feugiat non pretium quis lectus suspendisse potenti in eleifend quam a odio in hac habitasse platea dictumst maecenas ut massa quis augue luctus tincidunt nulla mollis molestie lorem quisque ut erat curabitur gravida nisi at nibh in hac habitasse platea dictumst aliquam augue quam sollicitudin vitae consectetuer eget rutrum at lorem integer tincidunt ante vel ipsum praesent blandit lacinia erat vestibulum sed magna at nunc commodo placerat praesent blandit nam nulla integer pede justo lacinia eget tincidunt eget tempus vel pede morbi porttitor lorem id ligula suspendisse ornare consequat lectus in est risus auctor sed tristique in tempus sit amet sem fusce consequat nulla nisl nunc nisl duis bibendum felis sed interdum venenatis turpis enim blandit mi in porttitor pede justo eu massa donec');
insert into historia_medica (historia_id, medico_id, turno_id, diagnostico) values (17, 10, 83, 'mauris morbi non lectus aliquam sit amet diam in magna bibendum imperdiet nullam orci pede venenatis non sodales sed tincidunt eu felis fusce posuere felis sed lacus morbi sem mauris laoreet ut rhoncus aliquet pulvinar sed nisl nunc rhoncus dui vel sem sed sagittis nam congue risus semper porta volutpat quam pede lobortis ligula sit amet eleifend pede libero quis orci nullam molestie nibh in lectus pellentesque at nulla suspendisse potenti cras in purus eu magna vulputate luctus cum sociis natoque penatibus et magnis dis parturient montes nascetur ridiculus mus vivamus vestibulum sagittis sapien cum sociis natoque penatibus et magnis dis parturient montes nascetur ridiculus mus etiam vel augue vestibulum rutrum rutrum neque aenean auctor gravida sem praesent id massa id nisl venenatis lacinia aenean sit amet justo morbi ut odio cras mi pede malesuada in imperdiet et commodo vulputate justo in blandit ultrices enim lorem ipsum dolor sit amet consectetuer adipiscing elit proin interdum mauris non ligula pellentesque ultrices phasellus id sapien in sapien iaculis congue vivamus metus arcu adipiscing molestie hendrerit at vulputate vitae nisl aenean lectus pellentesque eget nunc donec quis orci eget orci vehicula condimentum curabitur in libero ut massa volutpat convallis morbi odio odio elementum eu interdum eu tincidunt in leo maecenas pulvinar lobortis est phasellus sit amet erat nulla tempus vivamus in felis eu sapien cursus vestibulum proin eu mi nulla ac enim in tempor turpis nec euismod scelerisque quam turpis adipiscing lorem vitae mattis nibh ligula nec sem duis aliquam convallis nunc proin at turpis a pede posuere nonummy integer non velit donec diam neque vestibulum eget vulputate ut ultrices vel augue vestibulum ante ipsum primis in faucibus orci luctus et ultrices posuere cubilia curae donec pharetra');
insert into historia_medica (historia_id, medico_id, turno_id, diagnostico) values (18, 20, 44, 'mattis egestas metus aenean fermentum donec ut mauris eget massa tempor convallis nulla neque libero convallis eget eleifend luctus ultricies eu nibh quisque id justo sit amet sapien dignissim vestibulum vestibulum ante ipsum primis in faucibus orci luctus et ultrices posuere cubilia curae nulla dapibus dolor vel est donec odio justo sollicitudin ut suscipit a feugiat et eros vestibulum ac est lacinia nisi venenatis tristique fusce congue diam id ornare imperdiet sapien urna pretium nisl ut volutpat sapien arcu sed augue aliquam erat volutpat in congue etiam justo etiam pretium iaculis justo in hac habitasse platea dictumst etiam faucibus cursus urna ut tellus nulla ut erat id mauris vulputate elementum nullam varius nulla facilisi cras non velit nec nisi vulputate nonummy maecenas tincidunt lacus at velit vivamus vel nulla eget eros elementum pellentesque quisque porta volutpat erat quisque erat eros viverra eget congue eget semper rutrum nulla nunc purus phasellus in felis donec semper sapien a libero nam dui proin leo odio porttitor id consequat in consequat ut nulla sed accumsan felis ut at dolor quis odio consequat varius');
insert into historia_medica (historia_id, medico_id, turno_id, diagnostico) values (19, 20, 96, 'tortor quis turpis sed ante vivamus tortor duis mattis egestas metus aenean fermentum donec ut mauris eget massa tempor convallis nulla neque libero convallis eget eleifend luctus ultricies eu nibh quisque id justo sit amet sapien dignissim vestibulum vestibulum ante ipsum primis in faucibus orci luctus et ultrices posuere cubilia curae nulla dapibus dolor vel est donec odio justo sollicitudin ut suscipit a feugiat et eros vestibulum ac est lacinia nisi venenatis tristique fusce congue diam id ornare imperdiet sapien urna pretium nisl ut volutpat sapien arcu sed augue aliquam erat volutpat in congue etiam justo etiam pretium iaculis justo in hac habitasse platea dictumst etiam faucibus cursus urna ut tellus nulla ut erat id mauris vulputate elementum nullam varius nulla facilisi cras non velit nec nisi vulputate nonummy maecenas tincidunt lacus at velit vivamus vel nulla eget eros elementum pellentesque quisque porta volutpat erat quisque erat eros viverra eget congue eget semper rutrum nulla nunc purus phasellus in felis donec semper sapien a libero nam dui proin leo odio porttitor id consequat in consequat ut nulla sed accumsan felis ut at dolor quis odio consequat varius integer ac leo pellentesque ultrices mattis odio donec vitae nisi nam ultrices libero non mattis pulvinar nulla pede ullamcorper augue a suscipit nulla elit ac nulla sed vel enim sit amet nunc viverra dapibus nulla suscipit ligula in lacus curabitur at ipsum ac tellus semper interdum mauris ullamcorper purus sit amet');
insert into historia_medica (historia_id, medico_id, turno_id, diagnostico) values (20, 5, 79, 'venenatis turpis enim blandit mi in porttitor pede justo eu massa donec dapibus duis at velit eu est congue elementum in hac habitasse platea dictumst morbi vestibulum velit id pretium iaculis diam erat fermentum justo nec condimentum neque sapien placerat ante nulla justo aliquam quis turpis');
insert into historia_medica (historia_id, medico_id, turno_id, diagnostico) values (21, 9, 5, 'hac habitasse platea dictumst morbi vestibulum velit id pretium iaculis diam erat fermentum justo nec condimentum neque sapien placerat ante nulla justo aliquam quis turpis eget elit sodales scelerisque mauris sit amet eros suspendisse accumsan tortor quis turpis sed ante vivamus tortor duis mattis egestas metus aenean fermentum donec ut mauris eget massa tempor convallis nulla neque libero convallis eget eleifend luctus ultricies eu nibh quisque id justo sit amet sapien dignissim vestibulum vestibulum ante ipsum primis in faucibus orci luctus et ultrices posuere cubilia curae nulla dapibus dolor vel est donec odio justo sollicitudin ut suscipit a feugiat et eros');
insert into historia_medica (historia_id, medico_id, turno_id, diagnostico) values (22, 9, 35, 'in hac habitasse platea dictumst morbi vestibulum velit id pretium iaculis diam erat fermentum justo nec condimentum neque sapien placerat ante nulla justo aliquam quis turpis eget elit sodales scelerisque mauris sit amet eros suspendisse accumsan tortor quis turpis sed ante vivamus tortor duis mattis egestas metus aenean fermentum donec ut mauris eget massa tempor convallis nulla neque libero convallis eget eleifend luctus ultricies eu nibh quisque id justo sit amet sapien dignissim vestibulum vestibulum ante ipsum primis in faucibus orci luctus et ultrices posuere cubilia curae nulla dapibus dolor vel est donec odio justo sollicitudin ut suscipit a feugiat et eros vestibulum ac est lacinia nisi venenatis tristique fusce congue diam id ornare imperdiet sapien urna pretium nisl ut volutpat sapien arcu sed augue aliquam erat volutpat in congue etiam justo etiam pretium iaculis justo in hac habitasse platea dictumst etiam faucibus cursus urna ut tellus nulla ut erat id mauris vulputate elementum nullam varius nulla facilisi cras non velit nec nisi vulputate nonummy maecenas tincidunt lacus at velit vivamus vel nulla eget eros elementum pellentesque quisque porta volutpat erat quisque erat eros viverra eget congue eget semper rutrum nulla nunc purus phasellus in felis donec semper sapien a libero nam dui proin leo odio porttitor id');
insert into historia_medica (historia_id, medico_id, turno_id, diagnostico) values (23, 7, 53, 'blandit mi in porttitor pede justo eu massa donec dapibus duis at velit eu est congue elementum in hac habitasse platea dictumst morbi vestibulum velit id pretium iaculis diam erat fermentum justo nec condimentum neque sapien placerat ante nulla justo aliquam quis turpis eget elit sodales scelerisque mauris sit amet eros suspendisse accumsan tortor quis turpis sed ante vivamus tortor duis mattis egestas metus aenean fermentum donec ut mauris eget massa tempor convallis nulla neque libero convallis eget eleifend luctus ultricies eu nibh quisque id justo sit amet sapien dignissim vestibulum vestibulum ante ipsum primis in faucibus orci luctus et ultrices posuere cubilia curae nulla dapibus dolor vel est donec odio justo sollicitudin ut suscipit a feugiat et eros vestibulum ac est lacinia nisi venenatis tristique fusce congue diam id ornare imperdiet sapien urna pretium nisl ut volutpat sapien arcu sed augue aliquam erat volutpat in congue etiam justo etiam pretium iaculis justo in hac habitasse platea dictumst etiam faucibus cursus urna ut tellus nulla ut erat id mauris vulputate elementum nullam varius nulla facilisi cras non velit nec nisi vulputate nonummy maecenas tincidunt lacus at velit vivamus vel nulla eget eros elementum pellentesque quisque porta volutpat erat quisque erat eros viverra eget congue eget semper rutrum nulla nunc purus phasellus in felis donec semper sapien a libero nam dui proin leo odio porttitor id consequat in consequat ut nulla sed accumsan felis ut at dolor quis odio consequat varius');
insert into historia_medica (historia_id, medico_id, turno_id, diagnostico) values (24, 1, 17, 'ultrices posuere cubilia curae duis faucibus accumsan odio curabitur convallis duis consequat dui nec nisi volutpat eleifend donec ut dolor morbi vel lectus in quam fringilla rhoncus mauris enim leo rhoncus sed vestibulum sit amet cursus id turpis integer aliquet massa id lobortis convallis tortor risus dapibus augue vel accumsan tellus nisi eu orci mauris lacinia sapien quis libero nullam sit amet turpis elementum ligula vehicula consequat morbi a ipsum integer a nibh in quis justo maecenas rhoncus aliquam lacus morbi quis tortor id nulla ultrices aliquet maecenas leo odio condimentum id luctus nec molestie sed justo pellentesque viverra pede ac diam cras pellentesque volutpat dui maecenas tristique est et tempus semper est');
insert into historia_medica (historia_id, medico_id, turno_id, diagnostico) values (25, 3, 54, 'purus aliquet at feugiat non pretium quis lectus suspendisse potenti in eleifend quam a odio in hac habitasse platea dictumst maecenas ut massa quis augue luctus tincidunt nulla mollis molestie lorem quisque ut erat curabitur gravida nisi at nibh in hac habitasse platea dictumst aliquam augue quam sollicitudin vitae consectetuer eget rutrum at lorem integer tincidunt ante vel ipsum praesent blandit lacinia erat vestibulum sed magna at nunc commodo placerat praesent blandit nam nulla integer pede justo lacinia eget tincidunt eget tempus vel pede morbi porttitor lorem id ligula suspendisse ornare consequat lectus in est risus auctor sed tristique in tempus sit amet sem fusce consequat nulla nisl nunc nisl duis bibendum felis sed interdum venenatis turpis enim blandit mi in porttitor pede justo eu massa donec dapibus duis at velit eu est congue elementum in hac habitasse platea dictumst morbi vestibulum velit id pretium iaculis diam erat fermentum justo nec condimentum neque sapien placerat ante nulla justo aliquam quis turpis eget elit sodales scelerisque mauris sit amet eros suspendisse accumsan tortor quis turpis sed ante vivamus tortor duis mattis egestas metus aenean fermentum donec ut mauris eget massa tempor convallis nulla neque libero convallis eget eleifend luctus ultricies eu nibh quisque id justo sit amet sapien dignissim vestibulum vestibulum ante ipsum primis in');
insert into historia_medica (historia_id, medico_id, turno_id, diagnostico) values (26, 3, 18, 'in hac habitasse platea dictumst aliquam augue quam sollicitudin vitae consectetuer eget rutrum at lorem integer tincidunt ante vel ipsum praesent blandit lacinia erat vestibulum sed magna at nunc commodo placerat praesent blandit nam nulla integer pede justo lacinia eget tincidunt eget tempus vel pede morbi porttitor lorem id ligula suspendisse ornare consequat lectus in est risus auctor sed tristique in tempus sit amet sem fusce consequat nulla nisl nunc nisl duis bibendum felis sed interdum venenatis turpis enim blandit mi in porttitor pede justo eu massa donec dapibus duis at velit eu est congue elementum in hac habitasse platea dictumst morbi vestibulum velit id pretium iaculis diam erat fermentum justo nec condimentum neque sapien placerat ante nulla justo aliquam quis turpis eget elit sodales scelerisque mauris sit amet eros suspendisse accumsan tortor quis turpis sed ante vivamus tortor duis mattis egestas metus aenean fermentum donec ut mauris eget massa tempor convallis nulla neque libero convallis eget eleifend luctus ultricies eu nibh quisque id justo sit amet sapien dignissim vestibulum vestibulum ante ipsum primis in faucibus orci luctus et ultrices posuere cubilia curae nulla dapibus dolor vel est donec odio justo sollicitudin ut suscipit a feugiat et eros vestibulum ac est lacinia nisi venenatis tristique fusce congue diam id ornare imperdiet sapien urna pretium nisl ut volutpat sapien arcu sed augue aliquam erat volutpat in congue etiam justo etiam pretium iaculis justo in hac habitasse platea dictumst etiam faucibus cursus urna ut tellus nulla ut erat id mauris vulputate elementum nullam varius nulla facilisi cras non velit nec nisi vulputate nonummy maecenas tincidunt lacus at velit vivamus vel nulla eget eros elementum pellentesque quisque porta volutpat erat quisque erat eros');
insert into historia_medica (historia_id, medico_id, turno_id, diagnostico) values (27, 3, 14, 'vestibulum ante ipsum primis in faucibus orci luctus et ultrices posuere cubilia curae donec pharetra magna vestibulum aliquet ultrices erat tortor sollicitudin mi sit amet lobortis sapien sapien non mi integer ac neque duis bibendum morbi non quam nec dui luctus rutrum nulla tellus in sagittis dui vel nisl duis ac nibh fusce lacus');
insert into historia_medica (historia_id, medico_id, turno_id, diagnostico) values (28, 9, 45, 'eleifend luctus ultricies eu nibh quisque id justo sit amet sapien dignissim vestibulum vestibulum ante ipsum primis in');
insert into historia_medica (historia_id, medico_id, turno_id, diagnostico) values (29, 4, 89, 'et ultrices posuere cubilia curae mauris viverra diam vitae quam suspendisse potenti nullam porttitor lacus at turpis donec posuere metus vitae ipsum aliquam non mauris morbi non lectus aliquam sit amet diam in magna bibendum imperdiet nullam orci pede venenatis non sodales sed tincidunt eu felis fusce posuere felis sed lacus morbi sem mauris laoreet ut rhoncus aliquet pulvinar sed nisl nunc rhoncus dui vel sem sed sagittis nam congue risus semper porta volutpat quam pede lobortis ligula sit amet eleifend pede libero quis orci nullam molestie nibh in lectus pellentesque at nulla suspendisse potenti cras in purus eu magna vulputate luctus cum sociis natoque penatibus et magnis dis parturient montes nascetur ridiculus mus vivamus vestibulum sagittis sapien cum sociis natoque penatibus et magnis dis parturient montes nascetur ridiculus mus etiam vel');
insert into historia_medica (historia_id, medico_id, turno_id, diagnostico) values (30, 5, 38, 'vitae ipsum aliquam non mauris morbi non lectus aliquam sit amet diam in magna bibendum imperdiet nullam orci pede venenatis non sodales sed tincidunt eu felis fusce posuere felis sed lacus morbi sem mauris laoreet ut rhoncus aliquet pulvinar sed nisl nunc rhoncus dui vel sem sed sagittis nam congue risus semper porta volutpat quam pede lobortis ligula sit amet eleifend pede libero quis orci nullam molestie nibh in lectus');
insert into historia_medica (historia_id, medico_id, turno_id, diagnostico) values (31, 5, 54, 'in ante vestibulum ante ipsum primis in faucibus orci luctus et ultrices posuere cubilia curae duis faucibus accumsan odio curabitur convallis duis consequat dui nec nisi volutpat eleifend donec ut dolor morbi vel lectus in quam fringilla rhoncus mauris enim leo rhoncus sed vestibulum sit amet cursus id turpis integer aliquet massa id lobortis convallis tortor risus dapibus augue vel accumsan tellus nisi eu orci mauris lacinia sapien quis libero nullam sit amet turpis elementum ligula vehicula consequat morbi a ipsum integer a nibh in quis justo maecenas rhoncus aliquam lacus morbi quis tortor id nulla ultrices aliquet maecenas leo odio condimentum id luctus nec molestie sed justo pellentesque viverra pede ac diam cras pellentesque volutpat dui maecenas tristique est et tempus semper est quam pharetra magna ac consequat metus sapien ut nunc vestibulum ante ipsum primis in faucibus orci luctus et ultrices posuere cubilia curae mauris viverra diam vitae quam suspendisse potenti nullam porttitor lacus at turpis donec posuere metus vitae ipsum aliquam non mauris morbi non lectus aliquam sit amet diam in magna bibendum imperdiet nullam orci pede venenatis non sodales sed tincidunt eu felis fusce posuere felis sed lacus morbi sem mauris laoreet ut rhoncus aliquet pulvinar sed nisl nunc rhoncus dui vel sem sed sagittis nam congue risus semper porta volutpat quam pede lobortis ligula sit amet eleifend pede libero quis orci nullam molestie nibh in lectus pellentesque at nulla suspendisse potenti cras in purus eu magna vulputate luctus cum sociis natoque penatibus et magnis dis parturient');
insert into historia_medica (historia_id, medico_id, turno_id, diagnostico) values (32, 14, 79, 'vehicula consequat morbi a ipsum integer a nibh in quis justo maecenas rhoncus aliquam lacus morbi quis tortor id nulla ultrices aliquet maecenas leo odio condimentum id luctus nec molestie sed justo pellentesque viverra pede ac diam cras pellentesque volutpat dui maecenas tristique est et tempus semper est quam pharetra magna ac consequat metus sapien ut nunc vestibulum ante ipsum primis in faucibus orci luctus et ultrices posuere cubilia curae mauris viverra diam vitae quam suspendisse potenti nullam porttitor lacus at turpis donec posuere metus vitae ipsum aliquam non mauris morbi non lectus aliquam sit amet diam in magna bibendum imperdiet nullam orci pede venenatis non sodales sed tincidunt eu felis fusce posuere felis sed lacus morbi sem mauris laoreet ut rhoncus aliquet pulvinar sed nisl nunc rhoncus dui vel sem sed sagittis nam congue risus semper porta volutpat quam pede lobortis ligula sit amet eleifend pede libero quis orci nullam molestie nibh in lectus pellentesque at nulla suspendisse potenti cras in purus eu magna vulputate luctus cum sociis natoque penatibus et magnis dis parturient');
insert into historia_medica (historia_id, medico_id, turno_id, diagnostico) values (33, 16, 4, 'platea dictumst morbi vestibulum velit id pretium iaculis diam erat fermentum justo nec condimentum neque sapien placerat ante nulla justo aliquam quis turpis eget elit sodales scelerisque mauris sit amet eros suspendisse accumsan tortor quis turpis sed ante vivamus tortor duis mattis egestas metus aenean fermentum donec ut mauris eget massa tempor convallis nulla neque libero convallis eget eleifend luctus ultricies eu nibh quisque id justo sit amet sapien dignissim vestibulum vestibulum ante ipsum primis in faucibus orci luctus et ultrices posuere cubilia curae nulla dapibus dolor vel est donec odio justo sollicitudin ut suscipit a feugiat et eros vestibulum ac est lacinia nisi venenatis tristique fusce congue diam id ornare imperdiet sapien urna pretium nisl ut volutpat sapien arcu sed augue aliquam erat volutpat in congue etiam justo etiam pretium iaculis justo in hac habitasse platea dictumst etiam faucibus cursus urna ut tellus nulla ut erat id mauris vulputate elementum nullam varius nulla facilisi cras non velit nec nisi vulputate nonummy maecenas tincidunt lacus at velit vivamus vel nulla eget eros elementum pellentesque quisque porta volutpat erat quisque erat eros viverra eget congue eget semper rutrum nulla nunc purus phasellus in felis donec semper sapien a libero nam dui proin leo odio porttitor id consequat in consequat ut nulla sed accumsan felis ut at dolor quis odio consequat varius integer ac leo pellentesque ultrices mattis odio donec vitae nisi nam ultrices libero non mattis pulvinar nulla pede ullamcorper augue a suscipit nulla elit ac nulla sed vel enim sit amet nunc viverra dapibus nulla suscipit ligula in lacus curabitur at ipsum ac tellus semper interdum mauris ullamcorper purus sit amet nulla quisque arcu libero');
insert into historia_medica (historia_id, medico_id, turno_id, diagnostico) values (34, 5, 55, 'leo rhoncus sed vestibulum sit amet cursus id turpis integer aliquet massa id lobortis convallis tortor risus dapibus augue vel accumsan tellus nisi eu orci mauris lacinia sapien quis libero nullam sit amet turpis elementum ligula vehicula consequat morbi a ipsum integer a nibh in quis justo maecenas rhoncus aliquam lacus morbi quis tortor id nulla ultrices aliquet maecenas leo odio condimentum id luctus nec molestie sed justo pellentesque viverra pede ac diam cras pellentesque volutpat dui maecenas tristique est et tempus semper est quam pharetra magna ac consequat metus sapien ut nunc vestibulum ante ipsum primis in faucibus orci luctus et ultrices posuere cubilia curae mauris viverra diam vitae quam suspendisse potenti nullam porttitor lacus at turpis donec posuere metus vitae ipsum aliquam non mauris morbi non lectus aliquam sit amet diam in magna bibendum imperdiet nullam orci pede venenatis non sodales sed tincidunt eu felis fusce posuere felis sed lacus morbi sem mauris laoreet ut rhoncus aliquet pulvinar sed nisl nunc rhoncus dui vel sem sed sagittis nam congue risus semper porta volutpat quam pede');
insert into historia_medica (historia_id, medico_id, turno_id, diagnostico) values (35, 11, 72, 'enim lorem ipsum dolor sit amet consectetuer adipiscing elit proin interdum mauris non ligula pellentesque ultrices phasellus id sapien in sapien iaculis congue vivamus metus arcu adipiscing molestie hendrerit at vulputate vitae nisl aenean lectus pellentesque eget nunc donec quis orci eget orci vehicula condimentum curabitur in libero ut massa volutpat convallis morbi odio odio elementum eu interdum eu tincidunt in leo maecenas pulvinar lobortis est phasellus sit amet erat nulla tempus vivamus in felis eu sapien cursus vestibulum proin eu mi nulla ac enim in tempor turpis nec euismod scelerisque quam turpis adipiscing lorem vitae mattis nibh ligula nec sem duis aliquam convallis nunc proin at turpis a pede posuere nonummy integer non velit donec diam neque vestibulum eget vulputate ut ultrices vel augue vestibulum ante ipsum primis in faucibus orci luctus et ultrices posuere cubilia curae donec pharetra magna vestibulum aliquet ultrices erat tortor sollicitudin mi sit amet lobortis sapien sapien non mi integer ac neque duis bibendum morbi non quam nec dui luctus rutrum nulla tellus in sagittis dui vel nisl duis ac nibh fusce lacus purus aliquet at feugiat non pretium quis lectus suspendisse potenti in eleifend quam a odio in hac habitasse platea dictumst maecenas ut massa quis augue luctus tincidunt nulla mollis molestie lorem quisque ut erat curabitur gravida nisi at nibh in hac habitasse platea dictumst aliquam augue quam sollicitudin vitae consectetuer eget rutrum at lorem integer tincidunt ante vel ipsum praesent blandit lacinia erat');
insert into historia_medica (historia_id, medico_id, turno_id, diagnostico) values (36, 14, 100, 'at nunc commodo placerat praesent blandit nam nulla integer pede justo lacinia eget tincidunt eget tempus vel pede morbi porttitor lorem id ligula suspendisse ornare consequat lectus in est risus auctor sed tristique in tempus sit amet sem fusce consequat nulla nisl nunc nisl duis bibendum felis sed interdum venenatis turpis enim blandit mi in porttitor pede justo eu massa donec dapibus duis at velit eu est congue elementum in hac habitasse platea dictumst morbi vestibulum velit id pretium iaculis diam erat');
insert into historia_medica (historia_id, medico_id, turno_id, diagnostico) values (37, 7, 100, 'habitasse platea dictumst aliquam augue quam sollicitudin vitae consectetuer eget rutrum at lorem integer tincidunt ante vel ipsum praesent blandit lacinia erat vestibulum sed magna at nunc commodo placerat praesent blandit nam nulla integer pede justo lacinia eget tincidunt eget tempus vel pede morbi porttitor lorem id ligula suspendisse ornare consequat lectus in est risus auctor sed tristique in tempus sit amet sem fusce consequat nulla nisl nunc nisl duis bibendum felis sed interdum venenatis turpis enim blandit mi in porttitor pede justo eu massa donec dapibus duis at velit eu est congue elementum in hac habitasse platea dictumst morbi vestibulum velit id pretium iaculis diam erat fermentum justo nec condimentum neque sapien placerat ante nulla justo aliquam quis turpis eget elit sodales scelerisque mauris sit amet eros suspendisse accumsan tortor quis turpis sed ante vivamus tortor duis mattis egestas metus aenean fermentum donec ut mauris eget massa tempor convallis nulla neque libero convallis eget eleifend luctus ultricies eu nibh quisque id justo sit amet sapien dignissim vestibulum vestibulum ante ipsum primis in faucibus orci luctus et ultrices posuere cubilia curae nulla dapibus dolor vel est donec odio justo sollicitudin ut suscipit a feugiat et eros vestibulum ac est lacinia nisi venenatis tristique fusce congue diam id ornare imperdiet sapien urna pretium nisl ut volutpat sapien arcu sed augue aliquam erat volutpat in congue etiam justo etiam pretium iaculis justo in hac habitasse platea dictumst etiam faucibus cursus urna ut tellus nulla ut erat id mauris vulputate elementum nullam varius nulla facilisi cras non velit nec nisi vulputate nonummy maecenas tincidunt lacus at');
insert into historia_medica (historia_id, medico_id, turno_id, diagnostico) values (38, 7, 28, 'mi in porttitor pede justo eu massa donec dapibus duis at velit eu est congue elementum in hac habitasse platea dictumst morbi vestibulum velit id pretium iaculis diam erat fermentum justo nec condimentum neque sapien placerat ante nulla justo aliquam quis turpis eget elit sodales scelerisque mauris sit amet eros suspendisse accumsan tortor quis turpis sed ante vivamus tortor duis mattis egestas metus aenean fermentum donec ut mauris eget massa tempor convallis nulla neque libero convallis eget eleifend luctus ultricies eu nibh quisque id justo sit amet sapien dignissim vestibulum vestibulum ante ipsum primis in faucibus orci luctus et ultrices posuere cubilia curae nulla dapibus dolor vel est donec odio justo sollicitudin ut suscipit a feugiat et eros vestibulum ac est lacinia nisi venenatis tristique fusce congue diam id ornare imperdiet sapien urna pretium nisl ut volutpat sapien arcu sed augue aliquam erat volutpat in congue etiam justo etiam pretium iaculis justo in hac habitasse platea dictumst etiam faucibus cursus urna ut tellus nulla ut erat id mauris vulputate elementum nullam varius nulla facilisi cras non velit nec nisi vulputate nonummy maecenas tincidunt lacus at velit vivamus vel nulla eget eros elementum pellentesque quisque porta volutpat erat quisque erat eros viverra eget congue eget semper rutrum nulla nunc purus phasellus in felis donec semper sapien a libero nam dui proin leo odio porttitor');
insert into historia_medica (historia_id, medico_id, turno_id, diagnostico) values (39, 2, 59, 'sed tristique in tempus sit amet sem fusce consequat nulla nisl nunc nisl duis bibendum felis sed interdum venenatis turpis enim blandit mi in porttitor pede justo eu massa donec dapibus duis at velit eu est congue elementum in hac habitasse platea dictumst morbi vestibulum velit id pretium iaculis diam erat fermentum justo nec condimentum neque sapien placerat ante nulla justo aliquam quis turpis eget elit sodales scelerisque mauris sit amet eros suspendisse accumsan tortor quis turpis sed ante vivamus tortor duis mattis egestas metus aenean fermentum donec ut mauris eget massa tempor convallis nulla neque libero convallis eget eleifend luctus ultricies eu nibh quisque id justo sit amet sapien dignissim vestibulum vestibulum ante ipsum primis in faucibus');
insert into historia_medica (historia_id, medico_id, turno_id, diagnostico) values (40, 5, 11, 'mauris sit amet eros suspendisse accumsan tortor quis turpis sed ante vivamus tortor duis mattis egestas metus aenean fermentum donec ut mauris eget massa tempor convallis nulla neque libero convallis eget eleifend luctus ultricies eu nibh quisque id justo sit amet sapien dignissim vestibulum vestibulum ante ipsum primis in faucibus orci luctus et ultrices posuere cubilia curae nulla dapibus dolor vel est donec odio justo sollicitudin ut suscipit a feugiat et eros vestibulum ac est lacinia nisi venenatis tristique fusce congue diam id ornare imperdiet sapien urna pretium nisl ut volutpat sapien arcu sed augue aliquam erat volutpat in congue etiam justo etiam pretium iaculis justo in hac habitasse platea dictumst etiam faucibus cursus urna ut tellus nulla ut erat id mauris vulputate elementum nullam varius nulla facilisi cras non velit nec nisi vulputate nonummy maecenas tincidunt lacus at velit vivamus vel nulla eget eros elementum pellentesque quisque porta volutpat erat quisque erat eros viverra eget congue eget semper rutrum nulla nunc purus phasellus in felis donec semper sapien a libero nam dui proin leo odio porttitor id consequat in consequat ut nulla sed accumsan felis ut at dolor quis odio consequat varius integer ac leo pellentesque ultrices mattis odio donec vitae');
insert into historia_medica (historia_id, medico_id, turno_id, diagnostico) values (41, 2, 3, 'sed tristique in tempus sit amet sem fusce consequat nulla nisl nunc nisl duis bibendum felis sed interdum venenatis turpis enim blandit mi in porttitor pede justo eu massa donec dapibus duis');
insert into historia_medica (historia_id, medico_id, turno_id, diagnostico) values (42, 7, 45, 'gravida nisi at nibh in hac habitasse platea dictumst aliquam augue quam sollicitudin vitae consectetuer eget rutrum at lorem integer tincidunt ante vel ipsum praesent blandit lacinia erat vestibulum sed magna at nunc commodo placerat praesent blandit nam nulla integer pede justo lacinia eget tincidunt eget tempus vel pede morbi porttitor lorem id ligula suspendisse ornare consequat lectus in est risus auctor sed tristique in tempus sit amet sem fusce consequat nulla nisl nunc nisl duis bibendum felis sed interdum venenatis turpis enim blandit mi in');
insert into historia_medica (historia_id, medico_id, turno_id, diagnostico) values (43, 11, 85, 'nisl nunc nisl duis bibendum felis sed interdum venenatis turpis enim blandit mi in porttitor pede justo eu massa donec dapibus duis at velit eu est congue elementum in hac habitasse platea dictumst morbi vestibulum velit id pretium iaculis diam erat fermentum justo nec condimentum neque sapien placerat ante nulla justo aliquam quis turpis eget elit sodales scelerisque mauris sit amet eros suspendisse accumsan tortor quis turpis sed ante vivamus tortor duis mattis egestas metus aenean fermentum donec ut mauris eget massa tempor convallis nulla neque libero convallis eget eleifend luctus ultricies eu nibh quisque id justo sit amet sapien dignissim vestibulum vestibulum ante ipsum primis in faucibus orci luctus et ultrices posuere cubilia curae nulla dapibus dolor vel est donec odio justo sollicitudin ut suscipit a feugiat et eros vestibulum ac est');
insert into historia_medica (historia_id, medico_id, turno_id, diagnostico) values (44, 10, 49, 'augue luctus tincidunt nulla mollis molestie lorem quisque ut erat curabitur gravida nisi at nibh in hac habitasse platea dictumst aliquam augue quam sollicitudin vitae consectetuer eget rutrum at lorem integer tincidunt ante vel ipsum praesent blandit lacinia erat vestibulum sed magna at nunc commodo placerat praesent blandit nam nulla integer pede justo lacinia eget tincidunt eget tempus vel pede morbi porttitor lorem id ligula suspendisse ornare consequat lectus in est risus auctor sed tristique in tempus sit amet sem fusce consequat nulla nisl nunc nisl duis bibendum felis sed interdum venenatis turpis enim blandit mi in porttitor pede justo eu massa donec dapibus duis at velit eu est congue elementum in hac habitasse platea dictumst morbi vestibulum velit id pretium iaculis diam erat fermentum justo nec condimentum neque sapien placerat ante nulla justo aliquam quis turpis eget elit sodales scelerisque mauris sit amet eros suspendisse accumsan tortor quis turpis sed ante vivamus tortor duis mattis egestas metus aenean fermentum donec ut mauris eget massa tempor convallis nulla neque libero convallis eget eleifend luctus ultricies eu nibh quisque id justo sit amet sapien dignissim vestibulum vestibulum ante ipsum primis in faucibus orci luctus et ultrices posuere cubilia curae nulla dapibus dolor vel est donec odio justo sollicitudin ut suscipit a feugiat et eros vestibulum ac est lacinia nisi venenatis tristique fusce congue diam id ornare imperdiet sapien urna pretium nisl ut volutpat sapien arcu sed augue aliquam erat volutpat in congue etiam');
insert into historia_medica (historia_id, medico_id, turno_id, diagnostico) values (45, 3, 83, 'curabitur gravida nisi at nibh in hac habitasse platea dictumst aliquam augue quam sollicitudin vitae consectetuer eget rutrum at lorem integer tincidunt ante vel ipsum praesent blandit lacinia erat vestibulum sed magna at nunc commodo placerat praesent blandit nam nulla integer pede justo lacinia eget tincidunt eget tempus vel pede morbi porttitor lorem id ligula suspendisse ornare consequat lectus in est risus auctor sed tristique in tempus sit amet sem fusce consequat nulla nisl nunc nisl duis bibendum felis sed interdum venenatis turpis enim blandit mi in porttitor pede justo eu massa donec dapibus duis at velit eu est congue elementum in hac habitasse platea dictumst morbi vestibulum velit id pretium iaculis diam erat fermentum justo nec condimentum neque sapien placerat ante nulla justo aliquam quis turpis eget elit sodales scelerisque mauris sit amet eros suspendisse accumsan tortor quis turpis sed ante vivamus tortor duis mattis egestas metus aenean fermentum donec ut mauris eget massa tempor convallis nulla neque libero convallis eget eleifend luctus ultricies eu nibh quisque id justo sit amet sapien dignissim vestibulum vestibulum ante ipsum primis in faucibus orci luctus et ultrices posuere cubilia curae nulla dapibus dolor vel est donec odio justo sollicitudin ut suscipit a feugiat et eros vestibulum ac est lacinia nisi venenatis tristique fusce congue diam id ornare imperdiet sapien urna pretium nisl ut volutpat sapien arcu sed augue aliquam erat volutpat in congue etiam justo etiam pretium iaculis justo in hac habitasse platea dictumst etiam faucibus cursus urna ut tellus nulla ut erat id mauris vulputate elementum nullam varius nulla facilisi');
insert into historia_medica (historia_id, medico_id, turno_id, diagnostico) values (46, 11, 41, 'dolor morbi vel lectus in quam fringilla rhoncus mauris enim leo rhoncus sed vestibulum sit amet cursus id turpis integer aliquet massa id lobortis convallis tortor risus dapibus augue vel accumsan tellus nisi eu orci mauris lacinia sapien quis libero nullam sit amet turpis elementum ligula vehicula consequat morbi a ipsum integer a nibh in quis justo maecenas rhoncus aliquam lacus morbi quis tortor id nulla ultrices aliquet maecenas leo odio condimentum id luctus nec molestie sed justo pellentesque viverra pede ac diam cras pellentesque volutpat dui maecenas tristique est et tempus semper est quam pharetra magna ac consequat metus sapien ut nunc vestibulum ante ipsum primis in faucibus orci luctus et ultrices posuere cubilia curae mauris viverra diam vitae quam suspendisse potenti nullam porttitor lacus at turpis donec posuere metus vitae ipsum aliquam non mauris morbi non lectus aliquam sit amet diam in magna bibendum imperdiet nullam orci pede venenatis non sodales sed tincidunt eu felis fusce posuere felis sed lacus morbi sem mauris laoreet ut rhoncus aliquet pulvinar sed nisl nunc rhoncus dui vel sem sed sagittis nam congue risus semper porta volutpat quam pede lobortis ligula sit amet eleifend pede libero quis orci nullam molestie nibh in lectus pellentesque at nulla suspendisse potenti cras in purus eu magna vulputate luctus cum sociis natoque penatibus et magnis dis parturient montes nascetur ridiculus mus vivamus vestibulum sagittis sapien cum sociis natoque penatibus et magnis dis parturient montes nascetur ridiculus mus etiam vel augue vestibulum rutrum rutrum neque aenean auctor gravida sem praesent id massa id nisl venenatis lacinia aenean sit amet justo morbi ut odio cras mi pede malesuada in imperdiet et commodo vulputate justo in blandit ultrices enim lorem ipsum dolor sit amet consectetuer adipiscing elit proin interdum mauris non ligula pellentesque');
insert into historia_medica (historia_id, medico_id, turno_id, diagnostico) values (47, 8, 8, 'iaculis congue vivamus metus arcu adipiscing molestie hendrerit at vulputate vitae nisl aenean lectus pellentesque eget nunc donec quis orci eget orci vehicula condimentum curabitur in libero ut massa volutpat convallis morbi odio odio elementum eu interdum eu tincidunt in leo maecenas pulvinar lobortis est phasellus sit amet erat nulla tempus vivamus in felis eu sapien cursus vestibulum proin eu mi nulla ac enim in tempor turpis nec euismod scelerisque quam turpis adipiscing lorem vitae mattis nibh ligula nec sem duis aliquam convallis nunc proin at turpis a pede posuere nonummy integer non velit donec diam neque vestibulum eget vulputate ut ultrices vel augue vestibulum ante ipsum primis in faucibus orci luctus et ultrices posuere cubilia curae donec pharetra magna vestibulum aliquet ultrices erat tortor sollicitudin mi sit amet lobortis sapien sapien non mi integer ac neque duis bibendum morbi non quam nec dui luctus rutrum nulla tellus in sagittis dui vel nisl duis ac nibh fusce lacus purus aliquet at feugiat non pretium quis lectus suspendisse potenti in eleifend quam a odio in hac habitasse platea dictumst maecenas ut massa quis augue luctus tincidunt nulla mollis molestie lorem quisque ut erat curabitur gravida nisi at nibh in hac habitasse platea dictumst aliquam augue quam sollicitudin vitae consectetuer eget rutrum at lorem integer tincidunt ante vel ipsum praesent blandit lacinia erat vestibulum sed magna at nunc commodo placerat praesent blandit nam nulla integer pede justo lacinia eget tincidunt eget tempus vel pede morbi porttitor lorem id ligula suspendisse ornare consequat lectus in est risus auctor sed tristique in tempus sit amet sem fusce consequat nulla nisl nunc nisl duis bibendum felis sed interdum venenatis turpis enim blandit mi in porttitor pede justo eu massa donec dapibus duis at');
insert into historia_medica (historia_id, medico_id, turno_id, diagnostico) values (48, 3, 39, 'magna vestibulum aliquet ultrices erat tortor sollicitudin mi sit amet lobortis sapien sapien non mi integer ac neque duis bibendum morbi non quam nec dui luctus rutrum nulla tellus in sagittis dui vel nisl duis ac nibh fusce lacus purus aliquet at feugiat non pretium quis lectus suspendisse potenti in eleifend quam a odio in hac habitasse platea dictumst maecenas ut massa quis augue luctus tincidunt nulla mollis molestie lorem quisque ut erat curabitur gravida nisi at nibh in hac habitasse platea dictumst aliquam augue quam sollicitudin vitae consectetuer eget rutrum at lorem integer tincidunt ante vel ipsum praesent blandit lacinia erat vestibulum sed magna at nunc commodo placerat praesent blandit nam nulla integer pede justo lacinia eget tincidunt eget tempus vel pede morbi porttitor lorem id ligula suspendisse ornare consequat lectus in est risus auctor sed');
insert into historia_medica (historia_id, medico_id, turno_id, diagnostico) values (49, 2, 24, 'at feugiat non pretium quis lectus suspendisse potenti in eleifend quam a odio in hac habitasse platea dictumst maecenas ut massa quis augue luctus tincidunt nulla mollis molestie lorem quisque ut erat curabitur gravida nisi at nibh in hac habitasse platea dictumst aliquam augue quam sollicitudin vitae consectetuer eget rutrum at lorem integer tincidunt ante vel ipsum praesent blandit lacinia erat vestibulum sed magna at nunc commodo placerat praesent blandit nam nulla integer pede justo lacinia eget tincidunt eget tempus vel pede morbi porttitor lorem id ligula suspendisse ornare consequat lectus in est risus auctor sed tristique in tempus sit amet sem fusce consequat nulla nisl nunc nisl duis bibendum felis sed interdum venenatis turpis enim blandit mi in porttitor pede justo eu massa donec dapibus duis at velit eu est congue elementum in hac habitasse platea dictumst morbi vestibulum velit id pretium iaculis diam erat fermentum justo nec condimentum neque sapien placerat ante nulla justo aliquam quis turpis eget elit sodales scelerisque mauris sit amet eros suspendisse accumsan tortor quis turpis sed ante vivamus tortor duis mattis egestas metus aenean fermentum donec ut mauris eget massa tempor convallis nulla neque libero convallis eget eleifend luctus ultricies eu nibh quisque id justo sit amet sapien dignissim vestibulum vestibulum ante ipsum primis in faucibus orci luctus et ultrices posuere cubilia curae nulla dapibus dolor vel est donec odio justo sollicitudin ut suscipit');
insert into historia_medica (historia_id, medico_id, turno_id, diagnostico) values (50, 5, 44, 'amet lobortis sapien sapien non mi integer ac neque duis bibendum morbi non quam nec dui luctus rutrum nulla tellus in sagittis dui vel nisl duis ac nibh fusce lacus purus aliquet at feugiat non pretium quis lectus suspendisse potenti in eleifend quam a odio in hac habitasse platea dictumst maecenas ut massa quis augue luctus tincidunt nulla mollis molestie lorem quisque ut erat curabitur gravida nisi at nibh in hac habitasse platea dictumst aliquam augue quam sollicitudin vitae consectetuer eget rutrum at lorem integer tincidunt ante vel ipsum praesent blandit lacinia erat vestibulum sed magna at nunc commodo placerat praesent blandit nam nulla integer pede justo lacinia eget tincidunt eget tempus vel pede morbi porttitor lorem id ligula suspendisse ornare consequat lectus in est risus auctor sed tristique in tempus sit amet sem fusce consequat nulla nisl nunc nisl duis bibendum felis sed interdum venenatis turpis enim blandit mi in porttitor pede justo eu massa donec dapibus duis at velit eu est congue elementum in hac habitasse platea dictumst morbi vestibulum velit id pretium iaculis diam erat fermentum justo nec condimentum neque sapien placerat ante nulla justo aliquam quis turpis eget elit sodales scelerisque mauris sit amet eros suspendisse accumsan tortor quis turpis sed ante vivamus tortor duis mattis egestas metus aenean fermentum donec ut mauris eget massa tempor convallis nulla neque libero convallis eget eleifend luctus ultricies eu nibh quisque id justo sit amet sapien dignissim vestibulum vestibulum ante ipsum primis in faucibus orci luctus et ultrices posuere cubilia curae nulla dapibus dolor');
insert into historia_medica (historia_id, medico_id, turno_id, diagnostico) values (51, 13, 89, 'purus eu magna vulputate luctus cum sociis natoque penatibus et magnis dis parturient montes nascetur ridiculus mus vivamus vestibulum sagittis sapien cum sociis natoque penatibus et magnis dis parturient montes nascetur ridiculus mus etiam vel augue vestibulum rutrum rutrum neque aenean auctor gravida sem praesent id massa id nisl venenatis lacinia aenean sit amet justo morbi ut odio cras mi pede malesuada in imperdiet et commodo vulputate justo in blandit ultrices');
insert into historia_medica (historia_id, medico_id, turno_id, diagnostico) values (52, 4, 14, 'porta volutpat quam pede lobortis ligula sit amet eleifend pede libero quis orci nullam molestie nibh in lectus pellentesque at nulla suspendisse potenti cras in purus eu magna vulputate luctus cum sociis natoque penatibus et magnis dis parturient montes nascetur ridiculus mus vivamus vestibulum sagittis sapien cum sociis natoque penatibus et magnis dis parturient montes nascetur ridiculus mus etiam vel augue vestibulum rutrum rutrum neque aenean auctor gravida sem praesent id massa id nisl venenatis lacinia aenean sit amet justo morbi ut odio cras mi pede malesuada in imperdiet et commodo vulputate justo in blandit ultrices enim lorem ipsum dolor sit amet consectetuer adipiscing elit proin interdum mauris non ligula pellentesque ultrices phasellus id sapien in sapien iaculis congue vivamus metus arcu adipiscing molestie hendrerit at vulputate vitae nisl aenean lectus pellentesque eget nunc donec quis orci eget orci vehicula condimentum curabitur in libero ut massa volutpat convallis morbi odio odio');
insert into historia_medica (historia_id, medico_id, turno_id, diagnostico) values (53, 15, 83, 'tempus vel pede morbi porttitor lorem id ligula suspendisse ornare consequat lectus in est risus auctor sed tristique in tempus sit amet sem fusce consequat nulla nisl nunc nisl duis bibendum felis sed interdum venenatis turpis enim blandit mi in porttitor pede justo eu massa donec dapibus duis at velit eu est congue elementum in hac habitasse platea dictumst morbi vestibulum velit id pretium iaculis diam erat fermentum justo nec condimentum neque sapien placerat ante nulla justo aliquam quis turpis eget elit sodales scelerisque mauris sit amet eros suspendisse accumsan tortor quis turpis sed ante vivamus tortor duis mattis egestas metus aenean fermentum donec ut mauris eget massa tempor convallis nulla neque libero convallis eget eleifend luctus ultricies eu nibh quisque id justo sit amet sapien dignissim vestibulum vestibulum ante ipsum primis in faucibus orci luctus et ultrices posuere cubilia curae nulla dapibus dolor vel est donec odio justo sollicitudin ut suscipit a feugiat et eros vestibulum ac est lacinia nisi venenatis tristique fusce congue diam id ornare imperdiet sapien urna pretium nisl ut volutpat');
insert into historia_medica (historia_id, medico_id, turno_id, diagnostico) values (54, 7, 78, 'est congue elementum in hac habitasse platea dictumst morbi vestibulum velit id pretium iaculis diam erat fermentum justo nec condimentum neque sapien placerat ante nulla justo aliquam quis turpis eget elit sodales scelerisque mauris sit amet eros suspendisse accumsan tortor quis turpis sed ante vivamus tortor duis mattis egestas metus aenean fermentum donec ut mauris eget massa tempor convallis nulla neque libero convallis eget eleifend luctus ultricies eu nibh quisque id justo sit amet sapien dignissim vestibulum vestibulum ante ipsum primis in faucibus orci luctus et ultrices posuere cubilia curae nulla dapibus dolor vel est donec odio justo sollicitudin ut suscipit a feugiat et eros vestibulum ac est lacinia nisi venenatis tristique fusce congue diam id ornare imperdiet sapien urna pretium nisl ut volutpat sapien arcu sed augue aliquam erat volutpat in congue etiam justo etiam pretium iaculis justo in hac habitasse platea dictumst etiam faucibus cursus urna ut tellus nulla ut erat id mauris vulputate elementum nullam varius nulla facilisi cras non velit nec nisi vulputate nonummy maecenas tincidunt lacus at velit vivamus vel nulla eget eros elementum pellentesque quisque porta volutpat erat quisque erat eros viverra eget congue eget semper rutrum nulla nunc purus phasellus in felis donec semper sapien a libero nam dui proin leo odio porttitor id consequat in consequat ut nulla sed accumsan felis ut at dolor quis odio consequat varius integer ac leo pellentesque ultrices mattis odio donec vitae nisi nam ultrices libero non mattis pulvinar nulla pede ullamcorper augue a suscipit nulla elit ac nulla sed vel enim sit amet nunc viverra dapibus nulla suscipit ligula in lacus curabitur at ipsum ac tellus semper interdum mauris ullamcorper purus sit');
insert into historia_medica (historia_id, medico_id, turno_id, diagnostico) values (55, 2, 29, 'arcu adipiscing molestie hendrerit at vulputate vitae nisl aenean lectus pellentesque eget nunc donec quis orci eget orci vehicula condimentum curabitur in libero ut massa volutpat convallis morbi odio odio elementum eu interdum eu tincidunt in leo maecenas pulvinar lobortis est phasellus sit amet erat nulla tempus vivamus in felis eu sapien cursus vestibulum proin eu mi nulla ac enim in tempor turpis nec euismod scelerisque quam turpis adipiscing lorem vitae mattis nibh ligula nec sem duis aliquam convallis nunc proin at turpis a pede posuere nonummy integer non velit donec diam neque vestibulum eget vulputate ut ultrices vel augue vestibulum ante ipsum primis in faucibus orci luctus et ultrices posuere cubilia curae donec pharetra magna vestibulum aliquet ultrices erat tortor sollicitudin mi sit amet lobortis sapien sapien non mi integer ac neque duis bibendum morbi non quam nec dui luctus rutrum nulla tellus in sagittis dui vel nisl duis ac nibh fusce lacus purus aliquet at feugiat non pretium quis lectus suspendisse potenti in eleifend quam a odio in hac habitasse platea dictumst maecenas ut massa quis augue luctus tincidunt nulla mollis molestie lorem quisque ut erat curabitur gravida nisi at nibh in hac habitasse platea dictumst aliquam augue quam sollicitudin vitae consectetuer eget rutrum at lorem integer tincidunt ante vel ipsum praesent blandit lacinia erat vestibulum sed magna at nunc commodo placerat praesent blandit nam nulla integer pede justo lacinia eget tincidunt eget tempus vel pede morbi porttitor lorem');
insert into historia_medica (historia_id, medico_id, turno_id, diagnostico) values (56, 6, 32, 'rhoncus aliquet pulvinar sed nisl nunc rhoncus dui vel sem sed sagittis nam congue risus semper porta volutpat quam pede lobortis ligula sit amet eleifend pede libero quis orci nullam molestie nibh in lectus pellentesque at nulla suspendisse potenti cras in purus eu magna vulputate luctus cum sociis natoque penatibus et magnis dis parturient montes nascetur ridiculus mus vivamus vestibulum sagittis sapien cum sociis natoque penatibus et magnis dis parturient montes nascetur ridiculus mus etiam vel augue vestibulum rutrum rutrum neque aenean auctor gravida sem praesent id massa id nisl venenatis lacinia aenean sit amet justo morbi ut odio cras mi pede malesuada in imperdiet et commodo vulputate justo in blandit ultrices enim lorem ipsum dolor sit amet consectetuer adipiscing elit proin interdum mauris non ligula pellentesque ultrices phasellus id sapien in sapien iaculis congue vivamus metus arcu adipiscing molestie hendrerit at vulputate vitae nisl aenean lectus pellentesque eget nunc donec quis orci eget orci vehicula condimentum curabitur in libero ut massa volutpat convallis morbi odio odio elementum eu interdum eu tincidunt in leo maecenas pulvinar lobortis est phasellus sit amet erat nulla tempus vivamus in felis eu sapien cursus vestibulum proin eu mi nulla ac enim in tempor turpis nec euismod scelerisque quam turpis adipiscing lorem vitae mattis nibh ligula nec sem duis aliquam convallis nunc proin at turpis a pede posuere nonummy integer non velit donec diam neque vestibulum eget vulputate ut ultrices vel augue');
insert into historia_medica (historia_id, medico_id, turno_id, diagnostico) values (57, 7, 73, 'ipsum primis in faucibus orci luctus et ultrices posuere cubilia curae nulla dapibus dolor vel est donec odio justo sollicitudin ut suscipit a feugiat et eros vestibulum ac est lacinia nisi venenatis tristique fusce congue diam id ornare imperdiet sapien urna pretium nisl ut volutpat sapien arcu sed augue aliquam erat volutpat in congue etiam justo etiam pretium iaculis justo in hac habitasse platea dictumst etiam faucibus cursus urna ut tellus nulla ut erat id mauris vulputate elementum nullam varius nulla facilisi cras non velit nec nisi vulputate nonummy maecenas tincidunt lacus at velit');
insert into historia_medica (historia_id, medico_id, turno_id, diagnostico) values (58, 8, 12, 'cursus id turpis integer aliquet massa id lobortis convallis tortor risus dapibus augue vel accumsan tellus nisi eu orci mauris lacinia sapien quis libero nullam sit amet turpis elementum ligula vehicula consequat morbi a ipsum integer a nibh in quis justo maecenas rhoncus aliquam lacus morbi quis tortor id nulla ultrices aliquet maecenas leo odio condimentum id luctus nec molestie sed justo pellentesque viverra pede ac diam cras pellentesque volutpat dui maecenas tristique est et tempus semper est quam pharetra magna ac consequat metus sapien ut nunc vestibulum ante ipsum primis in faucibus orci luctus et ultrices posuere cubilia curae mauris viverra diam vitae quam suspendisse potenti nullam porttitor lacus at turpis donec posuere metus vitae ipsum aliquam non mauris morbi non lectus aliquam sit amet diam in magna bibendum imperdiet nullam orci pede venenatis non sodales sed tincidunt eu felis fusce posuere felis sed lacus morbi sem mauris laoreet ut rhoncus aliquet pulvinar sed nisl nunc rhoncus dui vel sem sed sagittis nam congue risus semper porta volutpat quam pede lobortis ligula sit amet eleifend pede libero quis orci nullam molestie nibh in lectus pellentesque at nulla suspendisse potenti cras in');
insert into historia_medica (historia_id, medico_id, turno_id, diagnostico) values (59, 10, 21, 'at nibh in hac habitasse platea dictumst aliquam augue quam sollicitudin vitae consectetuer eget rutrum at lorem integer tincidunt ante vel ipsum praesent blandit lacinia erat vestibulum sed magna at nunc commodo placerat praesent blandit nam nulla integer pede justo lacinia eget tincidunt eget tempus vel pede morbi porttitor lorem id ligula suspendisse ornare consequat lectus in est risus auctor sed tristique in tempus sit amet sem fusce consequat nulla nisl nunc nisl duis bibendum felis sed interdum venenatis turpis enim blandit mi in porttitor pede justo eu massa donec dapibus duis at velit eu est congue elementum in hac habitasse platea dictumst morbi vestibulum velit id pretium iaculis diam erat fermentum justo nec condimentum neque sapien placerat ante nulla justo aliquam quis turpis eget elit sodales scelerisque mauris sit amet eros suspendisse accumsan tortor quis turpis sed ante vivamus tortor duis mattis egestas metus aenean fermentum donec ut mauris eget massa tempor convallis nulla neque libero convallis eget eleifend luctus ultricies eu nibh quisque id justo sit amet sapien dignissim vestibulum vestibulum ante ipsum primis in faucibus orci luctus et ultrices posuere cubilia curae nulla dapibus dolor vel est donec odio justo sollicitudin ut suscipit a feugiat et eros vestibulum ac est lacinia nisi venenatis tristique fusce congue diam id ornare imperdiet sapien urna pretium nisl ut volutpat');
insert into historia_medica (historia_id, medico_id, turno_id, diagnostico) values (60, 10, 21, 'praesent id massa id nisl venenatis lacinia aenean sit amet justo morbi ut odio cras mi pede malesuada in imperdiet et commodo vulputate justo in blandit ultrices enim lorem ipsum dolor sit amet consectetuer adipiscing elit proin interdum mauris non ligula pellentesque ultrices phasellus id sapien in sapien iaculis congue vivamus metus arcu adipiscing molestie hendrerit at vulputate vitae nisl aenean lectus pellentesque eget nunc donec quis orci eget orci');
insert into historia_medica (historia_id, medico_id, turno_id, diagnostico) values (61, 10, 48, 'vulputate ut ultrices vel augue vestibulum ante ipsum primis in faucibus orci luctus et ultrices posuere cubilia curae donec pharetra magna vestibulum aliquet ultrices erat tortor sollicitudin mi sit amet lobortis sapien sapien non mi integer ac neque duis bibendum morbi non quam nec dui luctus rutrum nulla tellus in sagittis dui vel nisl duis ac nibh fusce lacus purus aliquet at feugiat non pretium quis lectus suspendisse potenti in eleifend quam a odio in hac habitasse platea dictumst maecenas ut massa quis augue luctus tincidunt nulla mollis molestie lorem quisque ut erat curabitur gravida nisi at nibh in hac habitasse platea dictumst aliquam augue quam sollicitudin vitae consectetuer eget rutrum at lorem integer tincidunt ante vel ipsum praesent blandit lacinia erat vestibulum sed magna at nunc commodo placerat praesent blandit nam nulla integer pede justo lacinia eget tincidunt eget tempus vel pede morbi porttitor lorem id ligula suspendisse ornare consequat lectus in est risus auctor sed tristique in tempus sit amet sem fusce consequat nulla nisl nunc nisl duis bibendum felis sed interdum venenatis turpis enim blandit mi in porttitor pede justo eu massa donec dapibus duis at velit eu est congue elementum in hac habitasse platea dictumst morbi vestibulum velit id pretium iaculis diam erat fermentum justo nec condimentum neque sapien placerat ante nulla justo aliquam quis turpis eget elit sodales scelerisque mauris sit amet eros suspendisse accumsan tortor quis turpis sed ante vivamus tortor duis mattis egestas metus aenean fermentum donec ut');
insert into historia_medica (historia_id, medico_id, turno_id, diagnostico) values (62, 6, 2, 'vivamus tortor duis mattis egestas metus aenean fermentum donec ut mauris eget massa tempor convallis nulla neque libero convallis eget eleifend luctus ultricies eu nibh quisque id justo sit amet sapien dignissim vestibulum vestibulum ante ipsum primis in faucibus orci luctus et ultrices posuere cubilia curae nulla dapibus dolor vel est donec odio justo sollicitudin ut suscipit a feugiat et eros vestibulum ac est lacinia nisi venenatis tristique fusce congue diam id ornare imperdiet sapien urna pretium nisl ut volutpat sapien arcu sed augue aliquam erat volutpat in congue etiam justo etiam pretium iaculis justo in hac habitasse platea dictumst etiam faucibus cursus urna ut tellus nulla ut erat id mauris vulputate elementum nullam varius nulla facilisi cras non velit nec nisi vulputate nonummy maecenas tincidunt lacus at velit vivamus vel nulla eget eros elementum pellentesque quisque porta volutpat erat quisque erat eros viverra eget congue eget semper rutrum nulla nunc purus phasellus in felis donec semper sapien a libero nam dui proin leo odio porttitor id consequat in consequat ut nulla sed accumsan felis ut at dolor quis odio consequat');
insert into historia_medica (historia_id, medico_id, turno_id, diagnostico) values (63, 9, 25, 'velit id pretium iaculis diam erat fermentum justo nec condimentum neque sapien placerat ante nulla justo aliquam quis turpis eget elit sodales scelerisque mauris sit amet eros suspendisse accumsan tortor quis turpis sed ante vivamus tortor duis mattis egestas metus aenean fermentum donec ut mauris eget massa tempor convallis nulla neque libero convallis eget eleifend luctus ultricies eu nibh quisque id justo sit amet sapien dignissim vestibulum vestibulum ante ipsum primis in faucibus orci luctus et ultrices posuere cubilia curae nulla dapibus dolor vel est donec odio justo sollicitudin ut suscipit a feugiat et eros vestibulum ac est lacinia nisi venenatis tristique fusce congue diam id ornare');
insert into historia_medica (historia_id, medico_id, turno_id, diagnostico) values (64, 1, 14, 'sit amet turpis elementum ligula vehicula consequat morbi a ipsum integer a nibh in quis justo maecenas rhoncus aliquam lacus morbi quis tortor id nulla ultrices aliquet maecenas leo odio condimentum id luctus nec molestie sed justo pellentesque viverra pede ac diam cras pellentesque volutpat dui maecenas tristique est et tempus semper est quam pharetra magna ac consequat metus sapien ut nunc vestibulum ante ipsum primis in faucibus orci luctus et ultrices posuere cubilia curae mauris viverra diam vitae quam suspendisse potenti nullam porttitor lacus at turpis donec posuere metus vitae ipsum aliquam non mauris morbi non lectus aliquam sit amet diam in magna bibendum imperdiet nullam orci pede venenatis non sodales sed tincidunt eu felis fusce posuere felis sed lacus morbi sem mauris laoreet ut rhoncus aliquet pulvinar sed nisl nunc rhoncus dui vel sem sed sagittis nam congue risus semper porta volutpat quam pede lobortis ligula sit amet eleifend pede libero quis orci nullam molestie nibh in lectus pellentesque at nulla suspendisse potenti cras in purus eu magna vulputate luctus cum sociis natoque penatibus et magnis dis parturient montes nascetur ridiculus mus vivamus vestibulum sagittis sapien cum sociis natoque penatibus et magnis dis parturient montes nascetur ridiculus mus etiam vel augue vestibulum rutrum rutrum neque aenean auctor gravida sem praesent id massa id nisl venenatis lacinia aenean sit amet justo morbi ut odio cras mi pede malesuada in imperdiet et commodo vulputate justo in blandit ultrices enim lorem ipsum dolor sit amet consectetuer adipiscing elit proin interdum mauris non ligula pellentesque ultrices phasellus id sapien in sapien iaculis congue vivamus metus arcu adipiscing molestie hendrerit at vulputate vitae nisl aenean lectus pellentesque eget nunc donec quis orci eget orci vehicula condimentum curabitur');
insert into historia_medica (historia_id, medico_id, turno_id, diagnostico) values (65, 17, 83, 'morbi quis tortor id nulla ultrices aliquet maecenas leo odio condimentum id luctus nec molestie sed justo pellentesque viverra pede ac diam cras pellentesque volutpat dui maecenas tristique est et tempus semper est quam pharetra magna ac consequat metus sapien ut nunc vestibulum ante ipsum primis in faucibus orci luctus et ultrices posuere cubilia curae mauris viverra diam vitae quam suspendisse potenti nullam porttitor lacus at turpis donec posuere metus vitae ipsum aliquam non mauris morbi non lectus aliquam sit amet diam in magna bibendum imperdiet nullam orci pede venenatis non sodales sed tincidunt eu felis fusce posuere felis sed lacus morbi sem');
insert into historia_medica (historia_id, medico_id, turno_id, diagnostico) values (66, 16, 86, 'morbi non lectus aliquam sit amet diam in magna bibendum imperdiet nullam orci pede venenatis non sodales sed tincidunt eu felis fusce posuere felis sed lacus morbi sem mauris laoreet ut rhoncus aliquet pulvinar sed nisl nunc rhoncus dui vel sem sed sagittis nam congue risus semper porta volutpat quam pede lobortis ligula sit amet eleifend pede libero quis orci nullam molestie nibh in lectus pellentesque at nulla suspendisse potenti cras in purus eu magna vulputate luctus cum sociis natoque penatibus et magnis dis parturient montes nascetur ridiculus mus vivamus vestibulum sagittis sapien cum sociis natoque penatibus et magnis dis parturient montes nascetur ridiculus mus etiam vel augue vestibulum rutrum rutrum neque aenean auctor gravida sem praesent id massa id nisl venenatis lacinia aenean sit amet justo morbi');
insert into historia_medica (historia_id, medico_id, turno_id, diagnostico) values (67, 5, 4, 'tristique est et tempus semper est quam pharetra magna ac consequat metus sapien ut nunc vestibulum ante ipsum primis in faucibus orci luctus et ultrices posuere cubilia curae mauris viverra diam vitae quam suspendisse potenti nullam porttitor lacus at turpis donec posuere metus vitae ipsum aliquam non mauris morbi non lectus aliquam sit amet diam in magna bibendum imperdiet nullam orci pede venenatis non sodales sed tincidunt eu felis fusce posuere felis sed lacus morbi sem mauris laoreet ut rhoncus aliquet pulvinar sed nisl nunc rhoncus dui vel sem sed sagittis nam congue risus semper porta volutpat quam pede lobortis ligula sit amet eleifend pede libero quis orci nullam molestie nibh in lectus pellentesque at nulla suspendisse potenti cras in purus eu magna vulputate luctus cum sociis natoque penatibus et magnis dis parturient montes nascetur ridiculus mus vivamus vestibulum sagittis sapien cum sociis natoque penatibus et magnis dis parturient montes nascetur ridiculus mus etiam vel augue vestibulum rutrum rutrum neque aenean auctor gravida sem praesent id massa id nisl venenatis lacinia aenean sit amet justo morbi ut odio cras mi pede malesuada in imperdiet et commodo vulputate justo in blandit ultrices enim lorem ipsum dolor sit amet consectetuer adipiscing elit proin interdum mauris non ligula pellentesque ultrices phasellus id sapien in sapien iaculis congue vivamus metus arcu adipiscing molestie hendrerit at vulputate vitae nisl aenean lectus pellentesque eget nunc donec quis orci eget orci vehicula condimentum curabitur in libero ut massa volutpat convallis morbi odio odio elementum eu interdum eu tincidunt in leo maecenas pulvinar lobortis est phasellus');
insert into historia_medica (historia_id, medico_id, turno_id, diagnostico) values (68, 5, 64, 'nulla dapibus dolor vel est donec odio justo sollicitudin ut suscipit a feugiat et eros vestibulum ac est lacinia nisi venenatis tristique fusce congue diam id ornare imperdiet sapien urna pretium nisl ut volutpat sapien arcu sed augue aliquam erat volutpat in congue etiam justo etiam pretium iaculis justo in hac habitasse platea dictumst etiam faucibus cursus urna ut tellus nulla ut erat id mauris vulputate elementum nullam varius nulla facilisi cras non velit nec nisi vulputate nonummy maecenas tincidunt lacus at velit vivamus vel nulla eget eros elementum pellentesque quisque porta volutpat erat quisque erat eros viverra eget congue eget semper rutrum nulla nunc purus phasellus in felis donec semper sapien a libero nam dui proin leo odio porttitor id consequat in consequat ut nulla sed accumsan felis ut at dolor quis odio consequat varius integer ac leo pellentesque ultrices mattis odio donec vitae nisi nam ultrices libero non mattis pulvinar nulla pede ullamcorper augue a suscipit nulla elit ac nulla sed vel enim sit amet nunc viverra dapibus nulla suscipit ligula in lacus curabitur at ipsum ac tellus semper interdum mauris ullamcorper purus sit amet nulla quisque');
insert into historia_medica (historia_id, medico_id, turno_id, diagnostico) values (69, 8, 8, 'metus vitae ipsum aliquam non mauris morbi non lectus aliquam sit amet diam in magna bibendum imperdiet nullam orci pede venenatis non sodales sed tincidunt eu felis fusce posuere felis sed lacus morbi sem mauris laoreet ut rhoncus aliquet pulvinar sed nisl nunc rhoncus dui vel sem sed sagittis nam congue risus semper porta volutpat quam pede lobortis ligula sit amet eleifend pede libero quis orci nullam molestie nibh in lectus pellentesque at nulla suspendisse potenti cras in purus eu magna vulputate luctus cum sociis natoque penatibus et magnis dis parturient montes nascetur ridiculus mus vivamus vestibulum sagittis sapien cum sociis natoque penatibus et magnis dis parturient montes nascetur ridiculus mus etiam vel augue vestibulum rutrum rutrum neque aenean auctor gravida sem praesent id massa id nisl venenatis lacinia aenean sit amet justo morbi ut odio cras mi pede malesuada in imperdiet et commodo vulputate justo in blandit ultrices enim lorem ipsum dolor sit amet consectetuer adipiscing elit proin interdum mauris non ligula pellentesque ultrices phasellus id sapien in sapien iaculis congue vivamus metus arcu adipiscing molestie hendrerit at vulputate vitae nisl aenean lectus pellentesque eget nunc donec quis orci eget orci vehicula condimentum curabitur in libero ut massa volutpat convallis morbi odio odio elementum eu interdum eu tincidunt in leo maecenas pulvinar lobortis est phasellus sit amet erat nulla tempus vivamus in felis eu sapien cursus vestibulum proin eu mi nulla ac enim in tempor turpis nec euismod scelerisque quam turpis adipiscing lorem vitae mattis nibh ligula nec sem duis aliquam convallis nunc proin at turpis a pede posuere nonummy integer non velit donec diam neque vestibulum eget vulputate ut ultrices vel augue vestibulum ante ipsum primis in faucibus orci luctus et ultrices posuere cubilia curae donec pharetra magna vestibulum');
insert into historia_medica (historia_id, medico_id, turno_id, diagnostico) values (70, 6, 53, 'neque aenean auctor gravida sem praesent id massa id nisl venenatis lacinia aenean sit amet justo morbi ut odio cras mi pede malesuada in imperdiet et commodo vulputate justo in blandit ultrices enim lorem ipsum dolor sit amet consectetuer adipiscing elit proin interdum mauris non ligula pellentesque ultrices phasellus id sapien in sapien iaculis congue vivamus metus arcu adipiscing molestie hendrerit at vulputate vitae nisl aenean lectus pellentesque eget nunc donec quis orci eget orci vehicula condimentum curabitur in libero ut massa volutpat convallis morbi odio odio elementum eu interdum eu tincidunt in leo maecenas pulvinar');
insert into historia_medica (historia_id, medico_id, turno_id, diagnostico) values (71, 11, 15, 'sed justo pellentesque viverra pede ac diam cras pellentesque volutpat dui maecenas tristique est et tempus semper est quam pharetra magna ac consequat metus sapien ut nunc vestibulum ante ipsum primis in faucibus orci luctus et ultrices posuere cubilia curae mauris viverra diam vitae quam suspendisse potenti nullam porttitor lacus at turpis donec posuere metus vitae ipsum aliquam non mauris morbi non lectus aliquam sit amet diam in magna bibendum imperdiet nullam orci pede venenatis non sodales sed tincidunt eu felis fusce posuere felis sed lacus morbi sem mauris laoreet ut rhoncus aliquet pulvinar sed nisl nunc rhoncus dui vel sem sed sagittis nam congue risus semper porta volutpat quam pede lobortis ligula sit amet eleifend pede libero quis orci nullam molestie nibh in lectus pellentesque at nulla suspendisse potenti cras in purus eu magna vulputate luctus cum sociis natoque penatibus et magnis dis parturient montes nascetur ridiculus mus vivamus vestibulum');
insert into historia_medica (historia_id, medico_id, turno_id, diagnostico) values (72, 18, 70, 'neque libero convallis eget eleifend luctus ultricies eu nibh quisque id justo sit amet sapien');
insert into historia_medica (historia_id, medico_id, turno_id, diagnostico) values (73, 15, 85, 'in quam fringilla rhoncus mauris enim leo rhoncus sed vestibulum sit amet cursus id turpis integer aliquet massa id lobortis convallis tortor risus dapibus augue vel accumsan tellus nisi eu orci mauris lacinia sapien quis libero nullam sit amet turpis elementum ligula vehicula consequat morbi a ipsum integer a nibh in quis justo maecenas rhoncus aliquam lacus morbi quis tortor id nulla ultrices aliquet maecenas leo odio condimentum id luctus nec molestie sed justo pellentesque viverra pede ac diam cras pellentesque volutpat dui');
insert into historia_medica (historia_id, medico_id, turno_id, diagnostico) values (74, 3, 63, 'nulla ultrices aliquet maecenas leo odio condimentum id luctus nec molestie sed justo pellentesque viverra pede ac diam cras pellentesque volutpat dui maecenas tristique est et tempus semper est quam pharetra magna ac consequat metus sapien ut nunc vestibulum ante ipsum primis in faucibus orci luctus et ultrices posuere cubilia curae mauris viverra diam vitae quam suspendisse potenti nullam porttitor lacus at turpis donec posuere metus vitae ipsum aliquam non mauris morbi non lectus aliquam sit amet diam in magna bibendum imperdiet nullam orci pede venenatis non sodales sed tincidunt eu felis fusce posuere felis sed lacus morbi sem mauris laoreet ut rhoncus aliquet pulvinar sed nisl nunc rhoncus dui vel sem sed sagittis nam congue risus semper porta volutpat quam pede lobortis ligula sit amet eleifend pede libero quis orci nullam molestie nibh in lectus pellentesque at nulla suspendisse potenti cras in purus eu magna vulputate luctus cum sociis natoque penatibus et magnis dis parturient montes nascetur ridiculus mus vivamus vestibulum sagittis sapien cum sociis natoque penatibus et magnis dis parturient montes nascetur ridiculus mus etiam vel augue vestibulum rutrum rutrum neque aenean auctor gravida sem praesent id massa id nisl venenatis lacinia aenean sit amet justo morbi ut odio cras mi pede malesuada in imperdiet et commodo vulputate justo in blandit ultrices enim lorem ipsum dolor sit amet consectetuer adipiscing elit proin interdum mauris non ligula pellentesque ultrices phasellus id sapien in sapien iaculis congue vivamus metus arcu adipiscing molestie hendrerit at vulputate vitae nisl aenean lectus pellentesque eget nunc donec quis orci eget orci vehicula condimentum curabitur in libero ut massa volutpat convallis morbi odio odio elementum eu interdum eu tincidunt in leo maecenas pulvinar lobortis est phasellus sit amet erat nulla tempus vivamus in felis');
insert into historia_medica (historia_id, medico_id, turno_id, diagnostico) values (75, 9, 97, 'ut mauris eget massa tempor convallis nulla neque libero convallis eget eleifend luctus ultricies eu nibh quisque id justo sit amet sapien dignissim vestibulum vestibulum ante ipsum primis in faucibus orci luctus et ultrices posuere cubilia curae nulla dapibus dolor vel est donec odio justo sollicitudin ut suscipit a feugiat et eros vestibulum ac est lacinia nisi venenatis tristique fusce congue diam id ornare imperdiet sapien urna pretium nisl ut volutpat sapien arcu sed augue aliquam erat volutpat in congue etiam justo etiam pretium iaculis justo in hac habitasse platea dictumst etiam faucibus cursus urna ut tellus nulla ut erat id mauris vulputate elementum nullam varius nulla facilisi cras non velit nec nisi vulputate nonummy maecenas tincidunt lacus at velit vivamus vel nulla eget eros elementum pellentesque quisque porta volutpat erat quisque erat eros viverra eget congue eget semper rutrum nulla nunc purus phasellus in felis donec semper sapien a libero nam dui proin leo odio porttitor id consequat in consequat ut nulla sed accumsan felis ut at dolor quis odio consequat varius integer ac leo pellentesque ultrices mattis odio donec vitae nisi nam ultrices libero non mattis pulvinar nulla pede ullamcorper augue a suscipit nulla elit ac nulla sed vel enim sit amet nunc viverra dapibus nulla suscipit ligula in lacus curabitur at');
insert into historia_medica (historia_id, medico_id, turno_id, diagnostico) values (76, 16, 31, 'quam turpis adipiscing lorem vitae mattis nibh ligula nec sem duis aliquam convallis nunc proin at turpis a pede posuere nonummy integer non velit donec diam neque vestibulum eget vulputate ut ultrices vel augue vestibulum ante ipsum primis in faucibus orci luctus et ultrices posuere cubilia curae donec pharetra magna vestibulum aliquet ultrices erat tortor sollicitudin mi sit amet lobortis sapien sapien non mi integer ac neque duis bibendum morbi non quam nec dui luctus rutrum nulla tellus in sagittis dui vel nisl duis ac nibh fusce lacus purus aliquet at feugiat non pretium quis lectus suspendisse potenti in eleifend quam a odio in hac habitasse platea dictumst maecenas ut massa quis augue luctus tincidunt nulla mollis molestie lorem quisque ut erat curabitur gravida nisi at nibh in hac habitasse platea dictumst aliquam augue quam sollicitudin vitae consectetuer eget rutrum at lorem integer tincidunt ante vel ipsum praesent blandit lacinia erat vestibulum sed magna at nunc commodo placerat praesent blandit nam nulla integer pede justo lacinia eget tincidunt eget tempus vel pede morbi porttitor lorem id ligula suspendisse ornare consequat lectus in est risus auctor sed tristique in tempus sit amet sem fusce consequat nulla nisl nunc nisl duis bibendum felis sed interdum venenatis turpis enim blandit mi in porttitor pede justo eu massa donec dapibus duis at velit eu est congue elementum in hac habitasse platea dictumst morbi vestibulum velit id pretium iaculis diam erat fermentum justo nec condimentum neque sapien placerat ante nulla justo aliquam quis turpis eget elit sodales scelerisque mauris sit amet eros suspendisse accumsan tortor quis turpis sed ante vivamus tortor duis mattis egestas metus aenean fermentum donec ut mauris eget massa tempor convallis nulla neque libero convallis eget eleifend luctus');
insert into historia_medica (historia_id, medico_id, turno_id, diagnostico) values (77, 6, 97, 'in eleifend quam a odio in hac habitasse platea dictumst maecenas ut massa quis augue luctus tincidunt nulla mollis molestie lorem quisque ut erat curabitur gravida nisi at nibh in hac habitasse platea dictumst aliquam augue quam sollicitudin vitae consectetuer eget rutrum at lorem integer tincidunt ante vel ipsum praesent blandit lacinia erat vestibulum sed magna at nunc commodo placerat praesent blandit nam nulla integer pede justo lacinia eget tincidunt eget tempus vel pede morbi porttitor lorem id ligula suspendisse ornare consequat lectus in est risus auctor sed tristique in tempus sit amet sem fusce consequat nulla nisl nunc nisl duis bibendum felis sed interdum venenatis turpis enim blandit mi in porttitor pede justo eu massa donec dapibus duis at velit eu est congue elementum in hac habitasse platea dictumst morbi vestibulum velit id pretium iaculis diam erat fermentum justo nec condimentum neque sapien placerat ante nulla justo aliquam quis turpis eget elit sodales scelerisque mauris sit amet eros suspendisse accumsan tortor quis turpis sed ante vivamus tortor duis mattis egestas metus aenean fermentum donec ut mauris eget massa tempor convallis nulla neque libero convallis eget eleifend luctus ultricies eu nibh quisque id justo sit amet sapien dignissim vestibulum vestibulum ante ipsum primis in faucibus orci luctus et ultrices posuere cubilia curae nulla dapibus dolor vel est donec odio justo sollicitudin ut suscipit a');
insert into historia_medica (historia_id, medico_id, turno_id, diagnostico) values (78, 11, 38, 'sem mauris laoreet ut rhoncus aliquet pulvinar sed nisl nunc rhoncus dui vel sem sed sagittis nam congue risus semper porta volutpat quam pede lobortis ligula sit amet eleifend pede libero quis orci nullam molestie nibh in lectus pellentesque at nulla suspendisse potenti cras in purus eu magna vulputate luctus cum sociis natoque penatibus et magnis dis parturient montes nascetur ridiculus mus vivamus vestibulum sagittis sapien cum sociis natoque penatibus et magnis dis parturient montes nascetur ridiculus mus etiam vel augue vestibulum rutrum rutrum neque aenean auctor gravida sem praesent id massa id nisl venenatis lacinia aenean sit amet justo morbi ut odio cras mi pede malesuada in imperdiet et commodo vulputate justo in blandit ultrices enim lorem ipsum dolor sit amet consectetuer adipiscing elit proin interdum mauris non ligula pellentesque ultrices phasellus id sapien in sapien iaculis congue vivamus metus arcu adipiscing molestie hendrerit at vulputate vitae nisl aenean lectus pellentesque eget nunc donec quis orci eget orci vehicula condimentum curabitur in libero ut massa volutpat convallis morbi odio odio elementum eu interdum eu');
insert into historia_medica (historia_id, medico_id, turno_id, diagnostico) values (79, 19, 70, 'amet justo morbi ut odio cras mi pede malesuada in imperdiet et commodo vulputate justo in blandit ultrices enim lorem ipsum dolor sit amet consectetuer adipiscing elit proin interdum mauris non ligula pellentesque ultrices phasellus id sapien in sapien iaculis congue vivamus metus arcu adipiscing molestie');
insert into historia_medica (historia_id, medico_id, turno_id, diagnostico) values (80, 4, 25, 'nulla nisl nunc nisl duis bibendum felis sed interdum venenatis turpis enim blandit mi in porttitor pede justo eu massa donec dapibus duis at velit eu est congue elementum in hac habitasse platea dictumst morbi vestibulum velit id pretium iaculis diam erat fermentum justo nec condimentum neque sapien placerat ante nulla justo aliquam quis turpis eget elit sodales scelerisque mauris sit amet eros suspendisse accumsan tortor quis turpis sed ante vivamus tortor duis mattis egestas metus aenean fermentum donec ut mauris eget massa tempor convallis nulla neque libero convallis eget eleifend luctus ultricies eu nibh quisque id justo sit amet sapien dignissim vestibulum vestibulum ante ipsum primis in faucibus orci luctus et ultrices posuere cubilia curae nulla dapibus dolor vel est donec odio justo sollicitudin ut suscipit a feugiat et eros vestibulum ac est lacinia nisi venenatis tristique fusce congue diam id ornare imperdiet sapien urna pretium nisl ut volutpat sapien arcu sed augue aliquam erat volutpat in congue etiam justo etiam pretium iaculis justo in hac habitasse platea dictumst etiam');
insert into historia_medica (historia_id, medico_id, turno_id, diagnostico) values (81, 7, 53, 'justo in blandit ultrices enim lorem ipsum dolor sit amet consectetuer adipiscing elit proin interdum mauris non ligula pellentesque ultrices phasellus id sapien in sapien iaculis congue vivamus metus arcu adipiscing molestie hendrerit at vulputate vitae nisl aenean lectus pellentesque eget nunc donec quis orci eget orci vehicula condimentum curabitur in libero ut massa volutpat convallis morbi odio odio elementum eu interdum eu tincidunt in leo maecenas pulvinar lobortis est phasellus sit amet erat nulla tempus vivamus in felis eu sapien cursus vestibulum proin eu mi nulla ac enim in tempor turpis nec euismod scelerisque quam turpis adipiscing lorem');
insert into historia_medica (historia_id, medico_id, turno_id, diagnostico) values (82, 19, 37, 'posuere cubilia curae mauris viverra diam vitae quam suspendisse potenti nullam porttitor lacus at turpis donec posuere metus vitae ipsum aliquam non mauris morbi non lectus aliquam sit amet diam in magna bibendum imperdiet nullam orci pede venenatis non sodales sed tincidunt eu felis fusce posuere felis sed lacus morbi sem mauris laoreet ut rhoncus aliquet pulvinar sed nisl nunc rhoncus dui vel sem sed sagittis nam congue risus semper porta volutpat quam pede lobortis ligula sit amet eleifend pede libero quis orci nullam molestie nibh in lectus pellentesque at nulla suspendisse potenti cras in purus eu magna vulputate luctus cum sociis natoque penatibus et magnis dis parturient montes nascetur ridiculus mus vivamus vestibulum sagittis sapien cum sociis natoque penatibus et magnis dis parturient montes nascetur ridiculus mus etiam vel augue vestibulum rutrum rutrum neque aenean auctor gravida sem praesent id massa id nisl venenatis lacinia aenean sit amet justo morbi ut odio cras mi pede malesuada in imperdiet et commodo vulputate justo in blandit ultrices enim lorem ipsum dolor sit amet consectetuer adipiscing elit proin interdum mauris non ligula pellentesque ultrices phasellus id sapien in sapien iaculis congue vivamus metus arcu adipiscing molestie hendrerit at vulputate vitae nisl aenean lectus pellentesque eget nunc donec quis orci eget orci vehicula condimentum curabitur');
insert into historia_medica (historia_id, medico_id, turno_id, diagnostico) values (83, 2, 47, 'phasellus sit amet erat nulla tempus vivamus in felis eu sapien cursus vestibulum proin eu mi nulla ac enim in tempor turpis nec euismod scelerisque quam turpis adipiscing lorem vitae mattis nibh ligula nec sem duis aliquam convallis nunc proin at turpis a pede posuere nonummy integer non velit donec diam neque vestibulum eget vulputate ut ultrices vel augue vestibulum ante ipsum primis in faucibus orci luctus et ultrices posuere cubilia curae donec pharetra magna vestibulum aliquet ultrices erat tortor sollicitudin mi sit amet lobortis sapien sapien non mi integer ac neque duis bibendum morbi non quam nec dui luctus rutrum nulla tellus in sagittis dui vel nisl duis ac nibh fusce lacus purus aliquet at feugiat non pretium quis lectus suspendisse potenti in eleifend quam a odio in hac habitasse platea dictumst maecenas ut massa quis augue luctus tincidunt nulla mollis molestie lorem quisque ut erat curabitur gravida nisi at nibh in hac habitasse platea dictumst aliquam augue quam sollicitudin vitae consectetuer eget rutrum at lorem integer tincidunt ante vel ipsum praesent blandit lacinia erat vestibulum sed magna at nunc commodo placerat praesent blandit nam nulla');
insert into historia_medica (historia_id, medico_id, turno_id, diagnostico) values (84, 10, 60, 'erat vestibulum sed magna at nunc commodo placerat praesent blandit nam nulla integer pede justo lacinia eget tincidunt eget tempus vel pede morbi porttitor lorem id ligula suspendisse ornare consequat lectus in est risus auctor sed tristique in tempus sit amet sem fusce consequat nulla nisl nunc nisl duis bibendum felis sed interdum venenatis turpis enim blandit mi in porttitor pede justo eu massa donec dapibus duis at velit eu est congue elementum in hac habitasse platea dictumst morbi vestibulum velit id pretium iaculis diam erat fermentum justo nec condimentum');
insert into historia_medica (historia_id, medico_id, turno_id, diagnostico) values (85, 18, 7, 'euismod scelerisque quam turpis adipiscing lorem vitae mattis nibh ligula nec');
insert into historia_medica (historia_id, medico_id, turno_id, diagnostico) values (86, 15, 15, 'id lobortis convallis tortor risus dapibus augue vel accumsan tellus nisi eu orci mauris lacinia sapien quis libero nullam sit amet turpis elementum ligula vehicula consequat morbi a ipsum integer a nibh in quis justo maecenas rhoncus aliquam lacus morbi quis tortor id nulla ultrices aliquet maecenas leo odio condimentum id luctus');
insert into historia_medica (historia_id, medico_id, turno_id, diagnostico) values (87, 7, 69, 'pede lobortis ligula sit amet eleifend pede libero quis orci nullam molestie nibh in lectus pellentesque at nulla suspendisse potenti cras in purus eu magna vulputate luctus cum sociis natoque penatibus et magnis dis parturient montes nascetur ridiculus mus vivamus vestibulum sagittis sapien cum sociis natoque penatibus et magnis dis parturient montes nascetur ridiculus mus etiam vel augue vestibulum rutrum rutrum neque aenean auctor gravida sem praesent id massa id nisl venenatis lacinia aenean sit amet justo morbi ut odio cras mi pede malesuada in imperdiet et commodo vulputate justo in blandit ultrices enim lorem ipsum dolor sit amet consectetuer adipiscing elit proin interdum mauris non ligula pellentesque ultrices phasellus id sapien in sapien iaculis congue vivamus metus arcu adipiscing molestie hendrerit at vulputate vitae nisl aenean lectus pellentesque eget nunc donec quis orci eget orci vehicula condimentum curabitur in libero ut massa volutpat convallis morbi odio odio elementum eu interdum eu tincidunt in leo maecenas pulvinar lobortis est phasellus sit amet erat nulla tempus vivamus in felis eu sapien cursus vestibulum proin eu mi nulla ac enim in tempor turpis nec euismod scelerisque quam turpis adipiscing lorem vitae mattis nibh ligula nec');
insert into historia_medica (historia_id, medico_id, turno_id, diagnostico) values (88, 18, 59, 'vel accumsan tellus nisi eu orci mauris lacinia sapien quis libero nullam sit amet turpis elementum ligula vehicula consequat morbi a ipsum integer a nibh in quis justo maecenas rhoncus aliquam lacus morbi quis tortor id nulla ultrices aliquet maecenas leo odio condimentum id luctus nec molestie sed justo pellentesque viverra pede ac diam cras pellentesque volutpat dui maecenas tristique est et tempus semper est quam pharetra magna ac consequat metus sapien ut nunc vestibulum ante ipsum primis in faucibus orci luctus et ultrices posuere cubilia curae mauris viverra diam vitae quam suspendisse potenti nullam porttitor lacus at turpis donec posuere metus vitae ipsum aliquam non mauris morbi non lectus aliquam sit amet diam in magna bibendum imperdiet nullam orci pede venenatis non sodales sed tincidunt eu felis fusce posuere felis sed lacus morbi sem mauris laoreet ut rhoncus aliquet pulvinar sed nisl nunc rhoncus dui vel sem sed sagittis nam congue risus semper porta volutpat quam pede lobortis ligula sit amet eleifend pede libero quis orci nullam molestie nibh in lectus pellentesque at nulla suspendisse');
insert into historia_medica (historia_id, medico_id, turno_id, diagnostico) values (89, 13, 23, 'eu felis fusce posuere felis sed lacus morbi sem mauris laoreet ut rhoncus aliquet pulvinar sed nisl nunc rhoncus dui vel sem sed sagittis nam congue risus semper porta volutpat quam pede lobortis ligula sit amet eleifend pede libero quis orci nullam molestie nibh in lectus pellentesque at nulla suspendisse potenti cras in purus eu magna vulputate luctus cum sociis natoque penatibus et magnis dis parturient montes nascetur ridiculus mus vivamus vestibulum sagittis sapien cum sociis natoque penatibus et magnis dis parturient montes nascetur ridiculus mus etiam vel augue vestibulum rutrum rutrum neque aenean auctor gravida sem praesent id massa id nisl venenatis lacinia aenean sit amet justo morbi ut odio cras mi pede malesuada in imperdiet et commodo vulputate justo in blandit ultrices enim lorem ipsum dolor sit amet consectetuer adipiscing elit proin interdum mauris non ligula pellentesque ultrices phasellus id sapien in sapien iaculis congue vivamus metus arcu adipiscing molestie hendrerit at vulputate vitae nisl aenean lectus pellentesque eget nunc donec quis orci eget orci vehicula condimentum curabitur in libero ut massa volutpat convallis morbi odio odio elementum eu interdum eu tincidunt in leo maecenas pulvinar lobortis est phasellus sit amet erat nulla tempus vivamus in felis eu sapien cursus vestibulum proin eu mi nulla ac enim in tempor turpis nec euismod scelerisque quam turpis adipiscing lorem vitae mattis nibh ligula nec sem');
insert into historia_medica (historia_id, medico_id, turno_id, diagnostico) values (90, 10, 61, 'nulla ut erat id mauris vulputate elementum nullam varius nulla facilisi cras non velit nec nisi vulputate nonummy maecenas tincidunt lacus at velit vivamus vel nulla eget eros elementum pellentesque quisque porta volutpat erat quisque erat eros viverra eget congue eget semper rutrum nulla nunc purus phasellus in felis donec semper sapien a libero nam dui proin leo odio porttitor id consequat in consequat ut nulla sed accumsan felis ut at dolor quis odio consequat varius integer ac leo pellentesque ultrices mattis odio donec vitae nisi nam ultrices libero non mattis pulvinar nulla pede ullamcorper augue a suscipit nulla elit ac nulla sed vel enim sit amet nunc viverra dapibus nulla suscipit ligula in lacus curabitur at ipsum ac tellus semper interdum mauris ullamcorper purus sit amet nulla quisque');
insert into historia_medica (historia_id, medico_id, turno_id, diagnostico) values (91, 2, 87, 'orci luctus et ultrices posuere cubilia curae duis faucibus accumsan odio curabitur convallis duis consequat dui nec nisi volutpat eleifend donec ut dolor morbi vel lectus in quam fringilla rhoncus mauris enim leo rhoncus sed vestibulum sit amet cursus id turpis integer aliquet massa id lobortis convallis tortor risus dapibus augue vel accumsan tellus nisi eu orci mauris lacinia sapien quis libero nullam sit amet turpis elementum ligula vehicula consequat morbi a ipsum integer a nibh in quis justo maecenas rhoncus aliquam lacus morbi quis tortor id nulla ultrices aliquet maecenas leo odio condimentum id luctus nec molestie sed justo pellentesque viverra pede ac diam cras pellentesque volutpat dui maecenas tristique est et tempus semper est quam pharetra magna ac consequat metus sapien ut nunc vestibulum ante ipsum primis in faucibus orci luctus et ultrices posuere cubilia curae mauris viverra diam vitae quam suspendisse potenti nullam porttitor lacus at turpis donec posuere metus vitae ipsum aliquam non mauris morbi non lectus aliquam sit amet diam in magna bibendum imperdiet nullam orci pede venenatis non sodales sed tincidunt eu felis fusce posuere felis sed lacus morbi sem mauris laoreet ut rhoncus aliquet pulvinar sed nisl nunc rhoncus dui vel sem sed sagittis nam congue risus semper porta volutpat quam pede lobortis ligula sit amet eleifend pede libero quis orci nullam molestie nibh in lectus pellentesque at nulla suspendisse potenti cras in purus eu magna vulputate luctus cum sociis natoque penatibus et magnis dis parturient montes nascetur ridiculus mus vivamus vestibulum sagittis sapien cum sociis natoque penatibus et magnis dis parturient montes nascetur ridiculus mus etiam vel augue vestibulum rutrum rutrum neque aenean auctor gravida sem praesent id massa id nisl venenatis lacinia');
insert into historia_medica (historia_id, medico_id, turno_id, diagnostico) values (92, 7, 57, 'lobortis ligula sit amet eleifend pede libero quis orci nullam molestie nibh in lectus pellentesque at nulla suspendisse potenti cras in purus eu magna vulputate luctus cum sociis natoque penatibus et magnis dis parturient montes nascetur ridiculus mus vivamus vestibulum sagittis sapien cum sociis natoque penatibus et magnis dis parturient montes nascetur');
insert into historia_medica (historia_id, medico_id, turno_id, diagnostico) values (93, 3, 58, 'condimentum curabitur in libero ut massa volutpat convallis morbi odio odio elementum eu interdum eu tincidunt in leo maecenas pulvinar lobortis est phasellus sit amet erat nulla tempus vivamus in felis eu sapien cursus vestibulum proin eu mi nulla ac enim in tempor turpis nec euismod scelerisque quam turpis adipiscing lorem vitae mattis nibh ligula nec sem duis aliquam convallis nunc proin at turpis a pede posuere nonummy integer non velit donec diam neque vestibulum eget vulputate ut ultrices vel augue vestibulum ante ipsum primis in faucibus orci luctus et ultrices posuere cubilia curae donec pharetra magna vestibulum aliquet ultrices erat tortor sollicitudin mi sit amet lobortis sapien sapien non mi integer ac neque duis bibendum morbi non quam nec dui');
insert into historia_medica (historia_id, medico_id, turno_id, diagnostico) values (94, 9, 14, 'ligula vehicula consequat morbi a ipsum integer a nibh in quis justo maecenas rhoncus aliquam lacus morbi quis tortor id nulla ultrices aliquet maecenas leo odio condimentum id luctus nec molestie sed justo pellentesque viverra pede ac diam cras pellentesque volutpat dui maecenas tristique est et tempus semper est quam pharetra magna ac consequat metus sapien ut nunc vestibulum ante ipsum primis in faucibus orci luctus et ultrices posuere cubilia curae mauris viverra diam vitae quam suspendisse potenti nullam porttitor lacus at turpis donec posuere metus vitae ipsum aliquam non mauris morbi non lectus aliquam sit amet diam in magna bibendum imperdiet nullam orci pede venenatis non sodales sed tincidunt eu felis fusce posuere felis sed lacus morbi sem mauris laoreet ut rhoncus aliquet pulvinar sed nisl nunc rhoncus dui vel sem sed sagittis nam congue risus semper porta volutpat quam pede lobortis ligula sit amet eleifend pede libero quis orci nullam molestie nibh in lectus pellentesque at nulla suspendisse potenti cras in purus eu magna vulputate luctus cum sociis natoque penatibus et magnis dis parturient montes nascetur ridiculus mus vivamus vestibulum sagittis sapien cum sociis natoque penatibus et magnis dis parturient montes nascetur ridiculus mus etiam vel augue vestibulum rutrum rutrum neque aenean auctor gravida sem praesent id massa id nisl venenatis lacinia aenean sit amet justo morbi ut odio cras mi pede malesuada in imperdiet et commodo vulputate justo in blandit ultrices enim lorem ipsum dolor sit amet consectetuer adipiscing elit proin interdum mauris non ligula pellentesque ultrices phasellus id sapien in sapien iaculis congue vivamus metus arcu adipiscing molestie hendrerit at vulputate vitae nisl aenean');
insert into historia_medica (historia_id, medico_id, turno_id, diagnostico) values (95, 14, 35, 'pharetra magna ac consequat metus sapien ut nunc vestibulum ante ipsum primis in faucibus orci luctus et ultrices posuere cubilia curae mauris viverra diam vitae quam suspendisse potenti nullam porttitor lacus at turpis donec posuere metus vitae ipsum aliquam non mauris morbi non lectus aliquam sit amet diam in magna bibendum imperdiet nullam orci pede venenatis non sodales sed tincidunt eu felis fusce posuere felis sed lacus morbi sem mauris laoreet ut rhoncus aliquet pulvinar sed nisl nunc rhoncus dui vel sem sed sagittis nam congue risus semper porta volutpat quam pede lobortis ligula sit amet eleifend pede libero quis orci nullam molestie nibh in lectus pellentesque at nulla suspendisse potenti cras in purus eu magna vulputate luctus cum sociis natoque penatibus et magnis dis parturient montes nascetur ridiculus mus vivamus vestibulum sagittis sapien cum sociis natoque penatibus et magnis dis parturient montes nascetur ridiculus mus etiam vel augue vestibulum rutrum rutrum neque aenean auctor gravida sem praesent id massa id nisl venenatis lacinia aenean sit amet justo morbi ut odio cras mi pede malesuada in imperdiet et commodo vulputate justo in blandit ultrices enim lorem ipsum dolor sit amet consectetuer adipiscing elit proin interdum mauris non ligula pellentesque ultrices phasellus id sapien in sapien iaculis congue vivamus metus arcu adipiscing molestie hendrerit at vulputate vitae nisl aenean lectus pellentesque eget nunc donec quis orci eget orci vehicula condimentum curabitur in libero ut massa volutpat convallis morbi odio odio elementum eu interdum eu tincidunt in leo maecenas pulvinar lobortis est phasellus sit amet erat nulla tempus vivamus in felis eu sapien cursus vestibulum proin eu mi nulla ac enim in tempor turpis nec euismod scelerisque quam turpis adipiscing lorem vitae mattis nibh ligula nec sem duis aliquam convallis nunc proin at');
insert into historia_medica (historia_id, medico_id, turno_id, diagnostico) values (96, 17, 69, 'placerat ante nulla justo aliquam quis turpis eget elit sodales scelerisque mauris sit amet eros suspendisse accumsan tortor quis turpis sed ante vivamus tortor duis mattis egestas metus aenean fermentum donec ut mauris eget massa tempor convallis nulla neque libero convallis eget eleifend luctus ultricies eu nibh quisque id justo sit amet sapien dignissim vestibulum vestibulum ante ipsum primis in faucibus orci luctus et ultrices posuere cubilia curae nulla dapibus dolor vel est donec odio justo sollicitudin ut suscipit a feugiat et eros vestibulum ac est lacinia nisi venenatis tristique fusce congue diam id ornare imperdiet sapien urna pretium nisl ut volutpat sapien arcu sed augue aliquam erat volutpat in congue etiam justo etiam pretium iaculis justo in hac habitasse platea dictumst etiam faucibus cursus urna ut tellus nulla ut erat id mauris vulputate elementum nullam varius nulla facilisi cras non velit nec nisi vulputate nonummy maecenas tincidunt lacus at velit vivamus vel nulla eget eros elementum pellentesque quisque porta volutpat erat quisque erat eros viverra');
insert into historia_medica (historia_id, medico_id, turno_id, diagnostico) values (97, 9, 81, 'feugiat non pretium quis lectus suspendisse potenti in eleifend quam a odio in hac habitasse platea dictumst maecenas ut massa quis augue luctus tincidunt nulla mollis molestie lorem quisque ut erat curabitur gravida nisi at nibh in hac habitasse platea dictumst aliquam augue quam sollicitudin vitae consectetuer eget rutrum at lorem integer tincidunt ante vel ipsum praesent blandit lacinia erat vestibulum sed magna at nunc commodo placerat praesent blandit');
insert into historia_medica (historia_id, medico_id, turno_id, diagnostico) values (98, 12, 55, 'vestibulum aliquet ultrices erat tortor sollicitudin mi sit amet lobortis sapien sapien non mi integer ac neque duis bibendum morbi non quam nec dui luctus rutrum nulla tellus in sagittis dui vel nisl duis ac nibh fusce lacus purus aliquet at feugiat non pretium quis lectus suspendisse potenti in eleifend quam a odio in hac habitasse platea dictumst maecenas ut massa quis augue luctus tincidunt nulla mollis molestie lorem quisque ut erat curabitur gravida nisi at nibh in hac habitasse platea dictumst aliquam augue quam sollicitudin vitae consectetuer eget rutrum at lorem integer tincidunt ante vel ipsum praesent blandit lacinia erat vestibulum sed magna at nunc commodo placerat praesent blandit nam nulla integer pede justo lacinia eget tincidunt eget tempus vel pede morbi porttitor lorem id ligula suspendisse ornare consequat lectus in est risus auctor sed tristique in tempus sit amet sem fusce consequat nulla nisl nunc nisl duis bibendum felis sed interdum venenatis turpis enim blandit mi in porttitor pede justo eu massa donec dapibus duis at velit eu est congue elementum in hac habitasse platea dictumst morbi vestibulum velit id pretium iaculis diam erat fermentum justo nec condimentum neque sapien placerat ante nulla justo aliquam quis turpis eget elit sodales scelerisque mauris sit amet eros suspendisse accumsan tortor quis turpis sed ante vivamus tortor duis mattis egestas metus aenean fermentum donec ut mauris eget massa tempor convallis nulla neque libero convallis eget eleifend luctus ultricies eu nibh quisque id justo sit amet sapien dignissim vestibulum vestibulum ante ipsum primis in faucibus orci luctus et ultrices posuere cubilia curae nulla dapibus dolor vel est donec odio justo sollicitudin ut suscipit a feugiat et eros vestibulum ac est lacinia nisi venenatis tristique fusce congue diam');
insert into historia_medica (historia_id, medico_id, turno_id, diagnostico) values (99, 16, 93, 'donec odio justo sollicitudin ut suscipit a feugiat et eros vestibulum ac est lacinia nisi venenatis tristique fusce congue diam id ornare imperdiet sapien urna pretium nisl ut volutpat sapien arcu sed augue aliquam erat volutpat in congue etiam justo etiam pretium iaculis justo in hac habitasse platea dictumst etiam faucibus cursus urna ut tellus nulla ut erat id mauris vulputate elementum nullam varius nulla facilisi cras non velit nec nisi vulputate nonummy maecenas tincidunt lacus at velit vivamus vel nulla eget eros elementum pellentesque quisque porta volutpat erat quisque erat eros viverra eget congue eget semper rutrum nulla nunc purus phasellus in felis donec semper sapien a libero nam dui proin leo odio porttitor id consequat in consequat ut nulla sed accumsan felis ut at dolor quis odio consequat varius integer ac leo pellentesque ultrices mattis odio donec vitae nisi nam ultrices libero non mattis pulvinar nulla pede ullamcorper augue a suscipit nulla elit ac nulla sed vel enim sit amet nunc viverra dapibus nulla suscipit ligula in lacus curabitur at ipsum ac tellus semper interdum mauris ullamcorper purus sit amet nulla quisque arcu libero rutrum ac lobortis vel dapibus at diam nam tristique tortor eu pede');
insert into historia_medica (historia_id, medico_id, turno_id, diagnostico) values (100, 1, 15, 'non sodales sed tincidunt eu felis fusce posuere felis sed lacus morbi sem mauris laoreet ut rhoncus aliquet pulvinar sed nisl nunc rhoncus dui vel sem sed sagittis nam congue risus semper porta volutpat quam pede lobortis ligula sit amet eleifend pede libero quis orci nullam molestie nibh in lectus pellentesque at nulla suspendisse potenti cras in purus eu magna vulputate luctus cum sociis natoque penatibus et magnis dis parturient montes nascetur ridiculus mus vivamus vestibulum sagittis sapien cum sociis natoque penatibus et magnis dis parturient montes nascetur ridiculus mus etiam vel augue vestibulum rutrum rutrum neque aenean auctor gravida sem praesent id massa id nisl venenatis lacinia aenean sit amet justo morbi ut odio cras mi pede malesuada in imperdiet et commodo vulputate justo in blandit ultrices enim lorem ipsum dolor sit amet consectetuer adipiscing elit proin interdum mauris non ligula pellentesque ultrices phasellus id sapien in sapien iaculis congue vivamus metus arcu adipiscing molestie hendrerit at vulputate vitae nisl aenean lectus pellentesque eget nunc donec quis orci eget orci');
